occupation,soc_code,emp_2024,emp_2034,emp_change_num,emp_change_pct,median_wage_2024,education_required,annual_openings
      Chief executives,11-1011,309.4,322.7,13.3,4.3,206420.0,Bachelor's degree,22.2
      General and operations managers,11-1021,3712.9,3876.8,164.0,4.4,102950.0,Bachelor's degree,308.7
      Legislators,11-1031,27.7,28.6,0.9,3.4,44810.0,Bachelor's degree,2.2
      Advertising and promotions managers,11-2011,27.0,26.4,-0.6,-2.2,126960.0,Bachelor's degree,2.1
        Marketing managers,11-2021,407.0,433.7,26.7,6.6,161030.0,Bachelor's degree,34.3
        Sales managers,11-2022,619.5,648.5,29.0,4.7,138060.0,Bachelor's degree,49.0
        Public relations managers,11-2032,83.2,87.3,4.1,5.0,138520.0,Bachelor's degree,6.6
        Fundraising managers,11-2033,45.7,47.6,1.9,4.2,123480.0,Bachelor's degree,3.6
        Administrative services managers,11-3012,271.2,283.8,12.6,4.6,108390.0,Bachelor's degree,23.2
        Facilities managers,11-3013,151.4,157.1,5.7,3.8,104690.0,Bachelor's degree,13.2
      Computer and information systems managers,11-3021,667.1,768.7,101.6,15.2,171200.0,Bachelor's degree,55.6
      Financial managers,11-3031,868.6,997.4,128.8,14.8,161700.0,Bachelor's degree,74.6
      Industrial production managers,11-3051,241.9,246.5,4.6,1.9,121440.0,Bachelor's degree,17.1
      Purchasing managers,11-3061,83.5,86.1,2.6,3.1,139510.0,Bachelor's degree,6.4
"      Transportation, storage, and distribution managers",11-3071,216.7,229.8,13.1,6.1,102010.0,High school diploma or equivalent,18.5
      Compensation and benefits managers,11-3111,20.9,20.9,0.0,0.2,140360.0,Bachelor's degree,1.5
      Human resources managers,11-3121,221.9,233.0,11.1,5.0,140030.0,Bachelor's degree,17.9
      Training and development managers,11-3131,46.4,49.2,2.7,5.8,127090.0,Bachelor's degree,3.8
"      Farmers, ranchers, and other agricultural managers",11-9013,836.1,825.0,-11.1,-1.3,87980.0,High school diploma or equivalent,85.5
      Construction managers,11-9021,550.3,598.4,48.1,8.7,106980.0,Bachelor's degree,46.8
"        Education and childcare administrators, preschool and daycare",11-9031,90.2,87.9,-2.3,-2.5,56270.0,Bachelor's degree,5.5
"        Education administrators, kindergarten through secondary",11-9032,333.3,328.1,-5.1,-1.5,104070.0,Master's degree,20.8
"        Education administrators, postsecondary",11-9033,226.6,230.5,4.0,1.7,103960.0,Master's degree,15.1
"        Education administrators, all other",11-9039,60.2,61.7,1.5,2.5,89040.0,Bachelor's degree,4.1
      Architectural and engineering managers,11-9041,212.5,220.5,8.0,3.8,167740.0,Bachelor's degree,14.5
      Food service managers,11-9051,352.8,375.3,22.6,6.4,65310.0,High school diploma or equivalent,42.0
        Gambling managers,11-9071,5.1,5.2,0.1,1.2,85580.0,High school diploma or equivalent,0.6
"        Entertainment and recreation managers, except gambling",11-9072,43.2,46.5,3.3,7.7,77180.0,Bachelor's degree,5.5
      Lodging managers,11-9081,52.0,53.8,1.8,3.4,68130.0,High school diploma or equivalent,5.4
      Medical and health services managers,11-9111,616.2,759.1,142.9,23.2,117960.0,Bachelor's degree,62.1
      Natural sciences managers,11-9121,104.3,108.2,3.9,3.7,161180.0,Bachelor's degree,8.5
      Postmasters and mail superintendents,11-9131,13.1,12.7,-0.5,-3.5,92730.0,High school diploma or equivalent,0.9
"      Property, real estate, and community association managers",11-9141,466.1,483.1,17.0,3.6,66700.0,High school diploma or equivalent,39.0
      Social and community service managers,11-9151,219.8,233.9,14.1,6.4,78240.0,Bachelor's degree,18.6
      Emergency management directors,11-9161,13.2,13.6,0.4,3.0,86130.0,Bachelor's degree,1.0
        Funeral home managers,11-9171,32.1,33.4,1.3,4.1,76830.0,Associate's degree,2.6
"        Personal service managers, all other",11-9179,25.1,26.7,1.6,6.5,61340.0,High school diploma or equivalent,2.1
"      Managers, all other",11-9199,1333.7,1393.5,59.8,4.5,136550.0,Bachelor's degree,106.7
"      Agents and business managers of artists, performers, and athletes",13-1011,21.4,23.2,1.9,8.7,96310.0,Bachelor's degree,2.2
      Buyers and purchasing agents,13-1020,522.2,552.3,30.1,5.8,75650.0,Bachelor's degree,52.2
"        Claims adjusters, examiners, and investigators",13-1031,356.1,337.9,-18.2,-5.1,76790.0,High school diploma or equivalent,21.1
"        Insurance appraisers, auto damage",13-1032,9.2,8.4,-0.8,-8.2,76650.0,Postsecondary nondegree award,0.5
      Compliance officers,13-1041,418.0,430.3,12.3,3.0,78420.0,Bachelor's degree,33.3
      Cost estimators,13-1051,221.4,212.1,-9.3,-4.2,77070.0,Bachelor's degree,16.9
        Human resources specialists,13-1071,944.3,1002.7,58.4,6.2,72910.0,Bachelor's degree,81.8
        Farm labor contractors,13-1074,3.9,4.2,0.2,6.0,48690.0,No formal educational credential,0.3
        Labor relations specialists,13-1075,65.4,65.4,-0.1,-0.1,93500.0,Bachelor's degree,5.1
        Logisticians,13-1081,241.0,281.3,40.3,16.7,80880.0,Bachelor's degree,26.4
        Project management specialists,13-1082,1046.3,1105.0,58.7,5.6,100750.0,Bachelor's degree,78.2
      Management analysts,13-1111,1075.1,1169.7,94.5,8.8,101190.0,Bachelor's degree,98.1
"      Meeting, convention, and event planners",13-1121,155.8,163.3,7.5,4.8,59440.0,Bachelor's degree,15.5
      Fundraisers,13-1131,134.4,140.2,5.8,4.3,66490.0,Bachelor's degree,10.2
"      Compensation, benefits, and job analysis specialists",13-1141,107.0,112.7,5.6,5.3,77020.0,Bachelor's degree,8.5
      Training and development specialists,13-1151,452.3,501.0,48.7,10.8,65850.0,Bachelor's degree,43.9
      Market research analysts and marketing specialists,13-1161,941.7,1004.7,63.0,6.7,76950.0,Bachelor's degree,87.2
"      Business operations specialists, all other",13-1199,1205.7,1242.0,36.3,3.0,81270.0,Bachelor's degree,108.2
      Accountants and auditors,13-2011,1579.8,1652.6,72.8,4.6,81680.0,Bachelor's degree,124.2
      Property appraisers and assessors,13-2020,77.3,80.2,2.9,3.8,65420.0,Bachelor's degree,6.3
      Budget analysts,13-2031,50.4,51.0,0.5,1.0,87930.0,Bachelor's degree,3.1
      Credit analysts,13-2041,67.8,64.8,-3.0,-4.4,80970.0,Bachelor's degree,3.7
        Financial and investment analysts,13-2051,368.5,389.6,21.1,5.7,101350.0,Bachelor's degree,25.1
        Personal financial advisors,13-2052,326.0,357.2,31.2,9.6,102140.0,Bachelor's degree,24.1
        Insurance underwriters,13-2053,127.0,123.7,-3.3,-2.6,79880.0,Bachelor's degree,8.2
        Financial risk specialists,13-2054,60.5,64.4,3.9,6.5,106000.0,Bachelor's degree,4.8
      Financial examiners,13-2061,65.1,77.2,12.1,18.5,90400.0,Bachelor's degree,5.7
        Credit counselors,13-2071,31.8,32.9,1.1,3.3,50480.0,Bachelor's degree,2.2
        Loan officers,13-2072,301.4,306.5,5.0,1.7,74180.0,Bachelor's degree,20.3
"        Tax examiners and collectors, and revenue agents",13-2081,57.6,56.5,-1.0,-1.8,59740.0,Bachelor's degree,4.3
        Tax preparers,13-2082,90.6,94.7,4.1,4.5,50560.0,High school diploma or equivalent,10.4
"      Financial specialists, all other",13-2099,137.1,141.4,4.3,3.1,80190.0,Bachelor's degree,10.3
        Computer systems analysts,15-1211,521.1,566.5,45.5,8.7,103790.0,Bachelor's degree,34.2
        Information security analysts,15-1212,182.8,234.9,52.1,28.5,124910.0,Bachelor's degree,16.0
      Computer and information research scientists,15-1221,40.3,48.3,7.9,19.7,140910.0,Master's degree,3.2
        Computer network support specialists,15-1231,152.7,155.5,2.8,1.8,73340.0,Associate's degree,9.6
        Computer user support specialists,15-1232,729.5,702.5,-27.0,-3.7,60340.0,"Some college, no degree",40.8
        Computer network architects,15-1241,179.2,200.6,21.4,11.9,130390.0,Bachelor's degree,11.2
        Database administrators,15-1242,78.0,77.5,-0.5,-0.7,104620.0,Bachelor's degree,3.8
        Database architects,15-1243,66.9,72.7,5.8,8.7,135980.0,Bachelor's degree,4.0
        Network and computer systems administrators,15-1244,331.5,317.7,-13.8,-4.2,96800.0,Bachelor's degree,14.3
        Computer programmers,15-1251,121.2,113.9,-7.2,-6.0,98670.0,Bachelor's degree,5.5
        Software developers,15-1252,1693.8,1961.4,267.7,15.8,133080.0,Bachelor's degree,115.2
        Software quality assurance analysts and testers,15-1253,201.7,221.9,20.2,10.0,102610.0,Bachelor's degree,14.0
        Web developers,15-1254,86.0,92.5,6.5,7.5,90930.0,Bachelor's degree,5.4
        Web and digital interface designers,15-1255,128.9,137.9,9.0,7.0,98090.0,Bachelor's degree,9.1
"      Computer occupations, all other",15-1299,472.0,510.5,38.5,8.2,108970.0,Bachelor's degree,31.3
      Actuaries,15-2011,33.6,40.9,7.3,21.8,125770.0,Bachelor's degree,2.4
      Mathematicians,15-2021,2.4,2.4,0.0,-0.7,121680.0,Master's degree,0.1
      Operations research analysts,15-2031,112.1,136.2,24.1,21.5,91290.0,Bachelor's degree,9.6
      Statisticians,15-2041,32.2,34.9,2.7,8.5,103300.0,Master's degree,2.0
      Data scientists,15-2051,245.9,328.3,82.5,33.5,112590.0,Bachelor's degree,23.4
"      Mathematical science occupations, all other",15-2099,5.0,5.2,0.2,4.0,71490.0,Bachelor's degree,0.3
"        Architects, except landscape and naval",17-1011,123.6,128.4,4.8,3.9,96690.0,Bachelor's degree,7.8
        Landscape architects,17-1012,21.8,22.6,0.8,3.5,79660.0,Bachelor's degree,1.7
        Cartographers and photogrammetrists,17-1021,13.4,14.3,0.9,6.4,78380.0,Bachelor's degree,1.0
        Surveyors,17-1022,56.1,58.6,2.5,4.4,72740.0,Bachelor's degree,3.9
      Aerospace engineers,17-2011,71.6,75.9,4.4,6.1,134830.0,Bachelor's degree,4.5
      Agricultural engineers,17-2021,1.7,1.8,0.1,5.9,84630.0,Bachelor's degree,0.1
      Bioengineers and biomedical engineers,17-2031,22.2,23.3,1.1,5.2,106950.0,Bachelor's degree,1.3
      Chemical engineers,17-2041,21.6,22.1,0.6,2.6,121860.0,Bachelor's degree,1.1
      Civil engineers,17-2051,368.9,387.5,18.5,5.0,99590.0,Bachelor's degree,23.6
      Computer hardware engineers,17-2061,76.8,82.4,5.6,7.3,155020.0,Bachelor's degree,4.7
        Electrical engineers,17-2071,192.0,205.7,13.8,7.2,111910.0,Bachelor's degree,11.7
"        Electronics engineers, except computer",17-2072,95.9,101.8,6.0,6.2,127590.0,Bachelor's degree,5.7
      Environmental engineers,17-2081,39.4,41.0,1.5,3.9,104170.0,Bachelor's degree,3.0
"        Health and safety engineers, except mining safety engineers and inspectors",17-2111,23.8,24.9,1.1,4.4,109660.0,Bachelor's degree,1.5
        Industrial engineers,17-2112,351.1,389.6,38.5,11.0,101140.0,Bachelor's degree,25.2
      Marine engineers and naval architects,17-2121,8.5,9.0,0.5,5.8,105670.0,Bachelor's degree,0.6
      Materials engineers,17-2131,23.0,24.3,1.3,5.7,108310.0,Bachelor's degree,1.5
      Mechanical engineers,17-2141,293.1,319.6,26.5,9.1,102320.0,Bachelor's degree,18.1
"      Mining and geological engineers, including mining safety engineers",17-2151,7.0,7.0,0.0,0.7,101020.0,Bachelor's degree,0.4
      Nuclear engineers,17-2161,15.4,15.3,-0.2,-1.1,127520.0,Bachelor's degree,0.8
      Petroleum engineers,17-2171,19.6,19.8,0.2,1.3,141280.0,Bachelor's degree,1.2
"      Engineers, all other",17-2199,158.8,162.1,3.3,2.1,117750.0,Bachelor's degree,9.3
        Architectural and civil drafters,17-3011,110.5,115.1,4.6,4.1,64280.0,Associate's degree,10.0
        Electrical and electronics drafters,17-3012,21.6,20.4,-1.2,-5.6,73720.0,Associate's degree,1.7
        Mechanical drafters,17-3013,42.9,40.1,-2.8,-6.5,68510.0,Associate's degree,3.3
"        Drafters, all other",17-3019,17.1,15.9,-1.2,-6.9,62010.0,Associate's degree,1.3
        Aerospace engineering and operations technologists and technicians,17-3021,9.3,10.1,0.8,8.1,79830.0,Associate's degree,0.9
        Civil engineering technologists and technicians,17-3022,64.9,66.2,1.4,2.1,64200.0,Associate's degree,5.5
        Electrical and electronic engineering technologists and technicians,17-3023,93.7,94.3,0.6,0.6,77180.0,Associate's degree,8.4
        Electro-mechanical and mechatronics technologists and technicians,17-3024,15.0,15.1,0.2,1.1,70760.0,Associate's degree,1.3
        Environmental engineering technologists and technicians,17-3025,12.9,13.0,0.1,1.2,58890.0,Associate's degree,1.1
        Industrial engineering technologists and technicians,17-3026,74.6,75.9,1.3,1.7,64790.0,Associate's degree,6.3
        Mechanical engineering technologists and technicians,17-3027,38.3,38.3,0.0,0.0,68730.0,Associate's degree,3.2
        Calibration technologists and technicians,17-3028,15.8,16.5,0.7,4.7,65040.0,Associate's degree,1.4
"        Engineering technologists and technicians, except drafters, all other",17-3029,67.3,68.3,1.0,1.5,77390.0,Associate's degree,5.7
      Surveying and mapping technicians,17-3031,59.4,62.1,2.7,4.5,51940.0,High school diploma or equivalent,7.6
        Animal scientists,19-1011,2.8,2.9,0.2,5.8,79120.0,Bachelor's degree,0.2
        Food scientists and technologists,19-1012,15.2,16.2,1.0,6.5,85310.0,Bachelor's degree,1.2
        Soil and plant scientists,19-1013,20.7,21.8,1.1,5.4,71410.0,Bachelor's degree,1.7
        Biochemists and biophysicists,19-1021,35.6,37.6,2.1,5.8,103650.0,Doctoral or professional degree,2.9
        Microbiologists,19-1022,20.7,21.6,0.8,4.1,87330.0,Bachelor's degree,1.7
        Zoologists and wildlife biologists,19-1023,18.2,18.5,0.3,1.6,72860.0,Bachelor's degree,1.4
"        Biological scientists, all other",19-1029,63.7,64.5,0.8,1.2,93330.0,Bachelor's degree,4.8
        Conservation scientists,19-1031,28.5,29.5,1.0,3.4,67950.0,Bachelor's degree,2.5
        Foresters,19-1032,13.8,14.0,0.2,1.2,70660.0,Bachelor's degree,1.1
        Epidemiologists,19-1041,12.3,14.3,2.0,16.2,83980.0,Master's degree,0.8
"        Medical scientists, except epidemiologists",19-1042,165.3,179.6,14.3,8.7,100590.0,Doctoral or professional degree,9.6
"      Life scientists, all other",19-1099,7.8,8.1,0.3,3.7,87800.0,Bachelor's degree,0.4
        Astronomers,19-2011,1.8,1.8,0.0,2.2,132170.0,Doctoral or professional degree,0.1
        Physicists,19-2012,24.6,25.6,1.0,4.0,166290.0,Doctoral or professional degree,1.7
      Atmospheric and space scientists,19-2021,9.4,9.5,0.1,0.7,97450.0,Bachelor's degree,0.7
        Chemists,19-2031,86.8,91.0,4.3,4.9,84150.0,Bachelor's degree,6.3
        Materials scientists,19-2032,8.7,9.1,0.4,4.9,104160.0,Bachelor's degree,0.6
"        Environmental scientists and specialists, including health",19-2041,90.3,94.3,4.0,4.4,80060.0,Bachelor's degree,8.5
"        Geoscientists, except hydrologists and geographers",19-2042,25.1,26.0,0.8,3.2,99240.0,Bachelor's degree,2.0
        Hydrologists,19-2043,6.3,6.3,0.0,-0.1,92060.0,Bachelor's degree,0.5
"      Physical scientists, all other",19-2099,31.9,32.1,0.2,0.6,117960.0,Bachelor's degree,2.0
      Economists,19-3011,17.6,17.8,0.2,1.2,115440.0,Master's degree,0.9
      Survey researchers,19-3022,8.8,8.3,-0.5,-5.2,63380.0,Master's degree,0.7
        Industrial-organizational psychologists,19-3032,5.6,5.9,0.3,6.3,109840.0,Master's degree,0.4
        Clinical and counseling psychologists,19-3033,76.3,84.8,8.5,11.2,95830.0,Doctoral or professional degree,4.8
        School psychologists,19-3034,67.2,67.7,0.5,0.7,86930.0,Master's degree,3.8
"        Psychologists, all other",19-3039,55.3,57.7,2.4,4.3,117580.0,Master's degree,3.9
      Sociologists,19-3041,3.4,3.6,0.1,3.6,101690.0,Master's degree,0.3
      Urban and regional planners,19-3051,44.7,46.2,1.5,3.4,83720.0,Master's degree,3.4
        Anthropologists and archeologists,19-3091,8.8,9.2,0.3,3.7,64910.0,Master's degree,0.8
        Geographers,19-3092,1.5,1.5,0.0,-3.1,97200.0,Bachelor's degree,0.1
        Historians,19-3093,3.4,3.5,0.1,2.2,74050.0,Master's degree,0.3
        Political scientists,19-3094,6.5,6.3,-0.2,-3.1,139380.0,Master's degree,0.5
"        Social scientists and related workers, all other",19-3099,40.8,40.1,-0.7,-1.7,100340.0,Bachelor's degree,3.2
        Agricultural technicians,19-4012,18.6,19.4,0.8,4.3,46790.0,Associate's degree,2.9
        Food science technicians,19-4013,20.4,21.3,1.0,4.8,49430.0,Associate's degree,3.2
      Biological technicians,19-4021,82.7,85.6,2.9,3.5,52000.0,Bachelor's degree,9.1
      Chemical technicians,19-4031,57.0,59.0,2.1,3.7,57790.0,Associate's degree,6.7
"        Environmental science and protection technicians, including health",19-4042,40.4,42.1,1.6,4.0,49490.0,Associate's degree,5.6
"        Geological technicians, except hydrologic technicians",19-4043,9.8,10.0,0.1,1.5,48390.0,Associate's degree,1.3
        Hydrologic technicians,19-4044,3.1,3.0,-0.1,-2.1,58570.0,Associate's degree,0.4
      Nuclear technicians,19-4051,6.0,5.5,-0.5,-7.7,104240.0,Associate's degree,0.7
      Social science research assistants,19-4061,40.6,42.3,1.8,4.4,58040.0,Bachelor's degree,5.2
      Forest and conservation technicians,19-4071,33.8,32.7,-1.1,-3.2,54310.0,Associate's degree,3.9
        Forensic science technicians,19-4092,20.7,23.3,2.6,12.8,67440.0,Bachelor's degree,2.9
"        Life, physical, and social science technicians, all other",19-4099,83.2,86.2,2.9,3.5,60130.0,Associate's degree,10.6
      Occupational health and safety specialists,19-5011,131.9,148.4,16.5,12.5,83910.0,Bachelor's degree,14.9
      Occupational health and safety technicians,19-5012,31.9,34.6,2.7,8.5,58440.0,High school diploma or equivalent,3.4
"        Educational, guidance, and career counselors and advisors",21-1012,376.3,389.6,13.3,3.5,65140.0,Master's degree,31.0
        Marriage and family therapists,21-1013,77.8,87.7,9.8,12.6,63780.0,Master's degree,7.7
        Rehabilitation counselors,21-1015,91.9,93.2,1.3,1.4,46110.0,Master's degree,10.0
"        Substance abuse, behavioral disorder, and mental health counselors",21-1018,483.5,564.6,81.0,16.8,59190.0,Master's degree,48.3
"        Counselors, all other",21-1019,69.1,77.8,8.7,12.6,49830.0,Master's degree,7.4
"        Child, family, and school social workers",21-1021,399.9,413.3,13.4,3.4,58570.0,Bachelor's degree,35.1
        Healthcare social workers,21-1022,193.2,208.1,14.8,7.7,68090.0,Master's degree,18.4
        Mental health and substance abuse social workers,21-1023,136.8,150.1,13.3,9.7,60060.0,Master's degree,13.5
"        Social workers, all other",21-1029,81.0,84.1,3.1,3.9,69480.0,Bachelor's degree,7.0
        Health education specialists,21-1091,71.8,75.0,3.2,4.5,63000.0,Bachelor's degree,7.9
        Probation officers and correctional treatment specialists,21-1092,92.3,94.8,2.4,2.6,64520.0,Bachelor's degree,7.9
        Social and human service assistants,21-1093,449.6,478.5,28.9,6.4,45120.0,High school diploma or equivalent,50.6
        Community health workers,21-1094,65.1,72.5,7.4,11.3,51030.0,High school diploma or equivalent,7.8
"        Community and social service specialists, all other",21-1099,119.2,124.7,5.5,4.6,54940.0,Bachelor's degree,13.1
      Clergy,21-2011,262.0,264.6,2.6,1.0,60820.0,Bachelor's degree,23.0
"      Directors, religious activities and education",21-2021,138.9,141.8,2.9,2.1,54840.0,Bachelor's degree,13.8
"      Religious workers, all other",21-2099,88.4,89.0,0.6,0.6,45120.0,Bachelor's degree,11.1
        Lawyers,23-1011,864.8,900.7,35.9,4.1,151160.0,Doctoral or professional degree,31.5
        Judicial law clerks,23-1012,14.5,14.9,0.4,2.5,60400.0,Doctoral or professional degree,1.0
"        Administrative law judges, adjudicators, and hearing officers",23-1021,17.5,17.4,-0.1,-0.7,115230.0,Doctoral or professional degree,0.5
"        Arbitrators, mediators, and conciliators",23-1022,9.1,9.5,0.4,4.3,67710.0,Bachelor's degree,0.3
"        Judges, magistrate judges, and magistrates",23-1023,27.3,28.0,0.7,2.5,156210.0,Doctoral or professional degree,0.9
      Paralegals and legal assistants,23-2011,376.2,376.8,0.6,0.2,61010.0,Associate's degree,39.3
"        Title examiners, abstractors, and searchers",23-2093,57.4,58.5,1.1,2.0,54980.0,High school diploma or equivalent,5.4
"        Legal support workers, all other",23-2099,51.3,50.7,-0.6,-1.2,68760.0,Associate's degree,4.7
"      Business teachers, postsecondary",25-1011,103.1,109.0,5.8,5.7,97270.0,Doctoral or professional degree,8.1
"        Computer science teachers, postsecondary",25-1021,44.8,47.2,2.4,5.3,96690.0,Doctoral or professional degree,3.5
"        Mathematical science teachers, postsecondary",25-1022,58.9,60.2,1.3,2.3,79350.0,Doctoral or professional degree,4.4
"        Architecture teachers, postsecondary",25-1031,11.6,11.9,0.2,2.0,101480.0,Doctoral or professional degree,0.9
"        Engineering teachers, postsecondary",25-1032,50.3,54.4,4.1,8.1,106120.0,Doctoral or professional degree,4.1
"        Agricultural sciences teachers, postsecondary",25-1041,10.7,11.2,0.4,4.1,86350.0,Doctoral or professional degree,0.8
"        Biological science teachers, postsecondary",25-1042,66.0,70.8,4.8,7.3,83460.0,Doctoral or professional degree,5.4
"        Forestry and conservation science teachers, postsecondary",25-1043,1.6,1.7,0.1,4.0,100830.0,Doctoral or professional degree,0.1
"        Atmospheric, earth, marine, and space sciences teachers, postsecondary",25-1051,14.0,14.4,0.4,2.6,101390.0,Doctoral or professional degree,1.0
"        Chemistry teachers, postsecondary",25-1052,25.4,26.0,0.6,2.2,86220.0,Doctoral or professional degree,1.9
"        Environmental science teachers, postsecondary",25-1053,9.0,9.3,0.3,2.9,87710.0,Doctoral or professional degree,0.7
"        Physics teachers, postsecondary",25-1054,17.1,17.5,0.4,2.5,97360.0,Doctoral or professional degree,1.3
"        Anthropology and archeology teachers, postsecondary",25-1061,6.5,6.7,0.2,2.7,95770.0,Doctoral or professional degree,0.5
"        Area, ethnic, and cultural studies teachers, postsecondary",25-1062,14.5,14.8,0.3,2.4,84290.0,Doctoral or professional degree,1.1
"        Economics teachers, postsecondary",25-1063,15.8,16.1,0.3,2.1,119980.0,Doctoral or professional degree,1.2
"        Geography teachers, postsecondary",25-1064,4.0,4.2,0.1,3.3,86730.0,Doctoral or professional degree,0.3
"        Political science teachers, postsecondary",25-1065,21.8,22.2,0.4,2.0,94680.0,Doctoral or professional degree,1.6
"        Psychology teachers, postsecondary",25-1066,52.5,54.4,1.9,3.6,80330.0,Doctoral or professional degree,4.0
"        Sociology teachers, postsecondary",25-1067,15.4,15.7,0.3,2.1,82540.0,Doctoral or professional degree,1.1
"        Social sciences teachers, postsecondary, all other",25-1069,20.7,21.1,0.4,1.7,75040.0,Doctoral or professional degree,1.5
"        Health specialties teachers, postsecondary",25-1071,289.6,339.7,50.1,17.3,105620.0,Doctoral or professional degree,27.4
"        Nursing instructors and teachers, postsecondary",25-1072,91.6,106.9,15.3,16.8,79940.0,Doctoral or professional degree,8.6
"        Education teachers, postsecondary",25-1081,74.9,76.5,1.6,2.1,72090.0,Doctoral or professional degree,5.6
"        Library science teachers, postsecondary",25-1082,5.1,5.3,0.2,3.0,78630.0,Doctoral or professional degree,0.4
"        Criminal justice and law enforcement teachers, postsecondary",25-1111,16.2,16.5,0.3,2.0,71470.0,Doctoral or professional degree,1.2
"        Law teachers, postsecondary",25-1112,29.5,30.2,0.6,2.2,126650.0,Doctoral or professional degree,2.2
"        Social work teachers, postsecondary",25-1113,17.1,17.5,0.4,2.3,76210.0,Doctoral or professional degree,1.3
"        Art, drama, and music teachers, postsecondary",25-1121,122.8,124.8,2.1,1.7,80190.0,Master's degree,9.0
"        Communications teachers, postsecondary",25-1122,35.8,36.6,0.8,2.1,77800.0,Doctoral or professional degree,2.7
"        English language and literature teachers, postsecondary",25-1123,72.2,72.2,0.0,0.0,78270.0,Doctoral or professional degree,5.1
"        Foreign language and literature teachers, postsecondary",25-1124,26.4,26.4,0.0,-0.2,77010.0,Doctoral or professional degree,1.9
"        History teachers, postsecondary",25-1125,24.6,24.6,-0.1,-0.2,81500.0,Doctoral or professional degree,1.7
"        Philosophy and religion teachers, postsecondary",25-1126,27.3,27.5,0.2,0.7,78050.0,Doctoral or professional degree,2.0
"        Family and consumer sciences teachers, postsecondary",25-1192,3.2,3.3,0.1,3.4,77280.0,Doctoral or professional degree,0.2
"        Recreation and fitness studies teachers, postsecondary",25-1193,15.4,15.7,0.4,2.4,75890.0,Doctoral or professional degree,1.1
"        Career/technical education teachers, postsecondary",25-1194,122.2,123.0,0.8,0.7,61490.0,Bachelor's degree,8.8
"        Postsecondary teachers, all other",25-1199,183.4,186.8,3.4,1.8,78490.0,Doctoral or professional degree,13.5
"        Preschool teachers, except special education",25-2011,555.1,578.1,22.9,4.1,37120.0,Associate's degree,65.5
"        Kindergarten teachers, except special education",25-2012,117.2,115.2,-1.9,-1.6,61430.0,Bachelor's degree,12.8
"        Elementary school teachers, except special education",25-2021,1422.7,1394.8,-27.9,-2.0,62340.0,Bachelor's degree,91.0
"        Middle school teachers, except special and career/technical education",25-2022,633.7,621.3,-12.4,-2.0,62970.0,Bachelor's degree,40.5
"        Career/technical education teachers, middle school",25-2023,14.0,13.8,-0.3,-2.0,63620.0,Bachelor's degree,0.9
"        Secondary school teachers, except special and career/technical education",25-2031,1094.5,1076.7,-17.8,-1.6,64580.0,Bachelor's degree,66.2
"        Career/technical education teachers, secondary school",25-2032,103.4,101.5,-1.9,-1.8,63910.0,Bachelor's degree,6.2
"        Special education teachers, preschool",25-2051,29.3,29.7,0.4,1.4,62190.0,Bachelor's degree,2.1
"        Special education teachers, kindergarten and elementary school",25-2052,230.2,226.1,-4.1,-1.8,63000.0,Bachelor's degree,15.4
"        Special education teachers, middle school",25-2057,94.8,93.0,-1.8,-1.9,64880.0,Bachelor's degree,6.3
"        Special education teachers, secondary school",25-2058,164.2,161.5,-2.6,-1.6,69590.0,Bachelor's degree,11.1
"        Special education teachers, all other",25-2059,41.0,41.5,0.4,1.1,67430.0,Bachelor's degree,2.9
"      Adult basic education, adult secondary education, and english as a second language instructors",25-3011,40.9,35.3,-5.6,-13.7,59950.0,Bachelor's degree,3.9
      Self-enrichment teachers,25-3021,417.5,433.0,15.5,3.7,45590.0,High school diploma or equivalent,51.4
"      Substitute teachers, short-term",25-3031,510.1,518.5,8.4,1.6,38470.0,Bachelor's degree,61.1
      Tutors,25-3041,215.5,216.8,1.3,0.6,40090.0,"Some college, no degree",37.1
"      Teachers and instructors, all other",25-3099,153.8,153.5,-0.2,-0.1,64690.0,Bachelor's degree,18.0
        Archivists,25-4011,9.3,9.7,0.4,3.8,61570.0,Master's degree,1.1
        Curators,25-4012,15.1,16.2,1.1,7.0,61770.0,Master's degree,1.8
        Museum technicians and conservators,25-4013,15.7,16.5,0.8,5.4,47460.0,Bachelor's degree,1.9
      Librarians and media collections specialists,25-4022,142.1,144.5,2.4,1.7,64320.0,Master's degree,13.5
      Library technicians,25-4031,78.6,73.2,-5.4,-6.8,39970.0,Postsecondary nondegree award,13.0
      Farm and home management educators,25-9021,12.4,12.1,-0.3,-2.5,58120.0,Master's degree,1.1
      Instructional coordinators,25-9031,232.6,235.5,2.9,1.3,74720.0,Master's degree,21.9
"        Teaching assistants, postsecondary",25-9044,193.6,199.6,6.0,3.1,44930.0,Bachelor's degree,24.6
"        Teaching assistants, except postsecondary",25-9045,1422.8,1401.7,-21.1,-1.5,35240.0,"Some college, no degree",170.4
"      Educational instruction and library workers, all other",25-9099,132.0,134.0,2.0,1.5,48400.0,Bachelor's degree,12.5
        Art directors,27-1011,135.0,140.7,5.7,4.2,111040.0,Bachelor's degree,12.3
        Craft artists,27-1012,11.6,11.9,0.2,2.1,38480.0,No formal educational credential,1.0
"        Fine artists, including painters, sculptors, and illustrators",27-1013,26.5,26.2,-0.3,-1.2,60560.0,Bachelor's degree,2.2
        Special effects artists and animators,27-1014,57.1,58.0,0.9,1.6,99800.0,Bachelor's degree,5.0
"        Artists and related workers, all other",27-1019,13.9,14.0,0.1,0.8,72760.0,No formal educational credential,1.2
        Commercial and industrial designers,27-1021,30.6,31.6,1.0,3.2,79450.0,Bachelor's degree,2.5
        Fashion designers,27-1022,25.7,26.2,0.5,2.0,80690.0,Bachelor's degree,2.3
        Floral designers,27-1023,43.8,41.2,-2.6,-5.9,36120.0,High school diploma or equivalent,5.1
        Graphic designers,27-1024,265.9,271.5,5.7,2.1,61300.0,Bachelor's degree,20.0
        Interior designers,27-1025,87.1,89.9,2.8,3.2,63490.0,Bachelor's degree,7.8
        Merchandise displayers and window trimmers,27-1026,193.0,199.3,6.2,3.2,37350.0,High school diploma or equivalent,20.8
        Set and exhibit designers,27-1027,31.3,32.0,0.7,2.3,66280.0,Bachelor's degree,2.5
"        Designers, all other",27-1029,28.6,29.2,0.6,2.0,66220.0,Bachelor's degree,2.2
        Actors,27-2011,57.0,57.1,0.2,0.3,,"Some college, no degree",6.3
        Producers and directors,27-2012,167.0,175.2,8.3,4.9,83480.0,Bachelor's degree,12.8
        Athletes and sports competitors,27-2021,19.1,20.2,1.0,5.5,62360.0,No formal educational credential,2.1
        Coaches and scouts,27-2022,306.5,326.0,19.5,6.4,45920.0,Bachelor's degree,41.8
"        Umpires, referees, and other sports officials",27-2023,19.3,20.4,1.1,5.7,38820.0,High school diploma or equivalent,4.6
        Dancers,27-2031,12.3,12.9,0.6,4.5,,No formal educational credential,1.8
        Choreographers,27-2032,4.6,4.9,0.3,6.1,55600.0,High school diploma or equivalent,0.7
        Music directors and composers,27-2041,47.3,47.2,-0.1,-0.3,63670.0,Bachelor's degree,4.3
        Musicians and singers,27-2042,169.8,171.6,1.8,1.1,,No formal educational credential,19.4
"        Disc jockeys, except radio",27-2091,15.4,16.0,0.6,3.8,,High school diploma or equivalent,1.5
"        Entertainers and performers, sports and related workers, all other",27-2099,35.8,38.0,2.1,6.0,,No formal educational credential,4.4
      Broadcast announcers and radio disc jockeys,27-3011,24.1,22.8,-1.3,-5.5,45680.0,Bachelor's degree,2.3
"      News analysts, reporters, and journalists",27-3023,49.3,47.4,-1.9,-3.9,60280.0,Bachelor's degree,4.1
      Public relations specialists,27-3031,315.9,331.0,15.0,4.8,69780.0,Bachelor's degree,27.6
        Editors,27-3041,115.8,116.5,0.7,0.6,75260.0,Bachelor's degree,9.8
        Technical writers,27-3042,56.4,56.9,0.5,0.9,91670.0,Bachelor's degree,4.5
        Writers and authors,27-3043,135.4,140.3,4.9,3.6,72270.0,Bachelor's degree,13.4
        Interpreters and translators,27-3091,75.3,76.6,1.3,1.7,59440.0,Bachelor's degree,6.9
        Court reporters and simultaneous captioners,27-3092,17.7,17.7,0.0,-0.3,67310.0,Postsecondary nondegree award,1.7
"        Media and communication workers, all other",27-3099,34.3,35.3,0.9,2.7,71770.0,High school diploma or equivalent,3.0
        Audio and video technicians,27-4011,92.3,95.4,3.1,3.3,54830.0,Postsecondary nondegree award,7.3
        Broadcast technicians,27-4012,24.8,24.2,-0.7,-2.8,53920.0,Associate's degree,1.8
        Sound engineering technicians,27-4014,16.9,16.6,-0.3,-1.7,66430.0,Postsecondary nondegree award,1.2
        Lighting technicians,27-4015,12.1,11.5,-0.6,-4.6,60560.0,Postsecondary nondegree award,0.8
      Photographers,27-4021,151.2,154.0,2.8,1.8,42520.0,High school diploma or equivalent,12.7
"        Camera operators, television, video, and film",27-4031,36.4,36.9,0.4,1.2,68810.0,Bachelor's degree,2.9
        Film and video editors,27-4032,43.5,45.2,1.7,4.0,70980.0,Bachelor's degree,3.6
"      Media and communication equipment workers, all other",27-4099,15.1,15.2,0.1,0.6,67190.0,High school diploma or equivalent,1.1
      Chiropractors,29-1011,57.2,62.6,5.4,9.5,79000.0,Doctoral or professional degree,2.8
"        Dentists, general",29-1021,129.8,135.2,5.4,4.1,172790.0,Doctoral or professional degree,3.9
        Oral and maxillofacial surgeons,29-1022,6.1,6.4,0.3,4.1,,Doctoral or professional degree,0.2
        Orthodontists,29-1023,5.9,6.2,0.3,4.4,,Doctoral or professional degree,0.2
        Prosthodontists,29-1024,0.9,0.9,0.0,4.5,,Doctoral or professional degree,0.0
"        Dentists, all other specialists",29-1029,6.6,6.6,0.0,0.3,225770.0,Doctoral or professional degree,0.2
      Dietitians and nutritionists,29-1031,90.9,95.9,5.0,5.5,73850.0,Bachelor's degree,6.2
      Optometrists,29-1041,47.8,51.6,3.8,8.0,134830.0,Doctoral or professional degree,2.4
      Pharmacists,29-1051,335.1,350.5,15.4,4.6,137480.0,Doctoral or professional degree,14.2
      Physician assistants,29-1071,162.7,195.8,33.2,20.4,133260.0,Master's degree,12.0
      Podiatrists,29-1081,9.7,9.9,0.2,1.8,152800.0,Doctoral or professional degree,0.3
        Occupational therapists,29-1122,160.0,182.1,22.1,13.8,98340.0,Master's degree,10.2
        Physical therapists,29-1123,267.2,296.4,29.3,10.9,101020.0,Doctoral or professional degree,13.2
        Radiation therapists,29-1124,19.2,19.6,0.4,1.9,101990.0,Associate's degree,0.9
        Recreational therapists,29-1125,16.1,16.6,0.5,3.3,60280.0,Bachelor's degree,1.3
        Respiratory therapists,29-1126,139.6,156.4,16.8,12.1,80450.0,Associate's degree,8.8
        Speech-language pathologists,29-1127,187.4,215.5,28.2,15.0,95410.0,Master's degree,13.3
        Exercise physiologists,29-1128,23.9,26.1,2.3,9.5,58160.0,Bachelor's degree,1.7
"        Therapists, all other",29-1129,56.1,62.5,6.4,11.5,65010.0,Bachelor's degree,4.1
      Veterinarians,29-1131,86.4,94.7,8.3,9.6,125510.0,Doctoral or professional degree,3.0
      Registered nurses,29-1141,3391.0,3557.1,166.1,4.9,93600.0,Bachelor's degree,189.1
      Nurse anesthetists,29-1151,53.8,58.5,4.6,8.6,223210.0,Master's degree,2.7
      Nurse midwives,29-1161,8.6,9.5,0.9,11.1,128790.0,Master's degree,0.5
      Nurse practitioners,29-1171,320.4,448.8,128.4,40.1,129210.0,Master's degree,29.5
      Audiologists,29-1181,15.8,17.3,1.5,9.5,92120.0,Doctoral or professional degree,0.7
        Anesthesiologists,29-1211,45.3,46.7,1.4,3.2,,Doctoral or professional degree,1.3
        Cardiologists,29-1212,19.4,20.2,0.8,4.1,,Doctoral or professional degree,0.6
        Dermatologists,29-1213,10.9,11.6,0.7,6.4,,Doctoral or professional degree,0.4
        Emergency medicine physicians,29-1214,36.1,37.1,1.0,2.7,,Doctoral or professional degree,1.0
        Family medicine physicians,29-1215,116.0,119.1,3.1,2.7,238380.0,Doctoral or professional degree,3.3
        General internal medicine physicians,29-1216,73.2,75.6,2.4,3.3,236350.0,Doctoral or professional degree,2.1
        Neurologists,29-1217,8.3,8.8,0.5,5.4,,Doctoral or professional degree,0.3
        Obstetricians and gynecologists,29-1218,21.5,21.7,0.3,1.2,,Doctoral or professional degree,0.6
"        Pediatricians, general",29-1221,46.4,46.8,0.4,0.8,210130.0,Doctoral or professional degree,1.2
"        Physicians, pathologists",29-1222,12.6,13.1,0.5,4.2,,Doctoral or professional degree,0.4
        Psychiatrists,29-1223,27.1,28.8,1.7,6.1,,Doctoral or professional degree,0.9
        Radiologists,29-1224,28.2,29.0,0.8,2.7,,Doctoral or professional degree,0.8
"        Physicians, all other",29-1229,340.7,349.3,8.6,2.5,,Doctoral or professional degree,9.6
"        Ophthalmologists, except pediatric",29-1241,12.5,13.1,0.5,4.3,,Doctoral or professional degree,0.3
"        Orthopedic surgeons, except pediatric",29-1242,14.7,15.3,0.6,4.1,,Doctoral or professional degree,0.4
        Pediatric surgeons,29-1243,1.1,1.1,0.0,1.5,,Doctoral or professional degree,0.0
"        Surgeons, all other",29-1249,25.1,26.0,1.0,3.9,,Doctoral or professional degree,0.6
        Acupuncturists,29-1291,15.3,16.4,1.0,6.8,78140.0,Master's degree,0.9
        Dental hygienists,29-1292,221.6,237.2,15.5,7.0,94260.0,Associate's degree,15.3
"        Healthcare diagnosing or treating practitioners, all other",29-1299,41.3,42.2,0.8,2.0,113730.0,Master's degree,2.4
      Clinical laboratory technologists and technicians,29-2010,351.2,357.2,6.0,1.7,61890.0,Bachelor's degree,22.6
        Cardiovascular technologists and technicians,29-2031,64.7,66.6,1.9,3.0,67260.0,Associate's degree,3.8
        Diagnostic medical sonographers,29-2032,90.0,101.7,11.7,13.0,89340.0,Associate's degree,5.8
        Nuclear medicine technologists,29-2033,20.0,20.6,0.6,3.0,97020.0,Associate's degree,0.9
        Radiologic technologists and technicians,29-2034,228.0,237.8,9.8,4.3,77660.0,Associate's degree,12.9
        Magnetic resonance imaging technologists,29-2035,44.1,47.2,3.1,7.1,88180.0,Associate's degree,2.6
        Medical dosimetrists,29-2036,4.8,4.9,0.2,3.5,138110.0,Bachelor's degree,0.2
        Emergency medical technicians,29-2042,181.0,190.2,9.2,5.1,41340.0,Postsecondary nondegree award,14.1
        Paramedics,29-2043,101.9,107.0,5.1,5.0,58410.0,Postsecondary nondegree award,4.9
        Dietetic technicians,29-2051,30.9,31.7,0.8,2.5,37040.0,Associate's degree,4.0
        Pharmacy technicians,29-2052,490.4,521.8,31.5,6.4,43460.0,High school diploma or equivalent,49.0
        Psychiatric technicians,29-2053,144.5,173.3,28.9,20.0,42590.0,Postsecondary nondegree award,15.9
        Surgical technologists,29-2055,115.6,120.8,5.2,4.5,62830.0,Postsecondary nondegree award,7.0
        Veterinary technologists and technicians,29-2056,134.2,146.4,12.2,9.1,45980.0,Associate's degree,14.3
        Ophthalmic medical technicians,29-2057,78.8,94.4,15.6,19.8,44080.0,Postsecondary nondegree award,12.5
      Licensed practical and licensed vocational nurses,29-2061,651.4,668.5,17.1,2.6,62340.0,Postsecondary nondegree award,54.4
      Medical records specialists,29-2072,194.8,208.6,13.8,7.1,50250.0,Postsecondary nondegree award,14.2
"      Opticians, dispensing",29-2081,79.9,82.2,2.3,2.9,46560.0,High school diploma or equivalent,6.8
        Orthotists and prosthetists,29-2091,10.1,11.5,1.3,13.3,78310.0,Master's degree,0.9
        Hearing aid specialists,29-2092,10.7,12.6,2.0,18.4,61560.0,High school diploma or equivalent,1.0
"        Health technologists and technicians, all other",29-2099,178.8,188.1,9.3,5.2,48790.0,Postsecondary nondegree award,13.6
      Health information technologists and medical registrars,29-9021,41.9,48.1,6.2,14.7,67310.0,Associate's degree,3.2
        Athletic trainers,29-9091,33.9,37.6,3.8,11.1,60250.0,Master's degree,2.4
        Genetic counselors,29-9092,4.0,4.3,0.4,9.3,98910.0,Master's degree,0.3
        Surgical assistants,29-9093,25.3,26.6,1.3,5.1,60290.0,Postsecondary nondegree award,1.6
"        Healthcare practitioners and technical workers, all other",29-9099,41.7,43.1,1.5,3.6,64030.0,Postsecondary nondegree award,2.6
      Home health and personal care aides,31-1120,4347.7,5087.5,739.8,17.0,34900.0,High school diploma or equivalent,765.8
        Nursing assistants,31-1131,1441.5,1474.0,32.6,2.3,39530.0,Postsecondary nondegree award,204.1
        Orderlies,31-1132,54.0,55.8,1.8,3.3,37700.0,High school diploma or equivalent,7.8
        Psychiatric aides,31-1133,38.5,38.3,-0.1,-0.4,41590.0,High school diploma or equivalent,5.3
        Occupational therapy assistants,31-2011,49.2,58.7,9.5,19.2,68340.0,Associate's degree,7.2
        Occupational therapy aides,31-2012,5.2,5.3,0.1,2.5,37370.0,High school diploma or equivalent,0.6
        Physical therapist assistants,31-2021,111.5,136.0,24.5,22.0,65510.0,Associate's degree,19.8
        Physical therapist aides,31-2022,45.6,46.9,1.3,2.8,34520.0,High school diploma or equivalent,6.6
      Massage therapists,31-9011,168.0,193.9,25.9,15.4,57950.0,Postsecondary nondegree award,24.7
        Dental assistants,31-9091,381.9,406.3,24.4,6.4,47300.0,Postsecondary nondegree award,52.9
        Medical assistants,31-9092,811.0,912.2,101.2,12.5,44200.0,Postsecondary nondegree award,112.3
        Medical equipment preparers,31-9093,76.5,84.2,7.6,10.0,46490.0,High school diploma or equivalent,10.9
        Medical transcriptionists,31-9094,43.9,41.8,-2.2,-4.9,37550.0,Postsecondary nondegree award,7.4
        Pharmacy aides,31-9095,41.1,41.1,-0.1,-0.1,37000.0,High school diploma or equivalent,6.1
        Veterinary assistants and laboratory animal caretakers,31-9096,117.8,128.1,10.3,8.7,37320.0,High school diploma or equivalent,22.2
        Phlebotomists,31-9097,139.7,147.5,7.9,5.6,43660.0,Postsecondary nondegree award,18.4
"        Healthcare support workers, all other",31-9099,109.7,113.5,3.8,3.5,46050.0,High school diploma or equivalent,14.4
        First-line supervisors of correctional officers,33-1011,57.1,55.5,-1.6,-2.8,76310.0,High school diploma or equivalent,4.3
        First-line supervisors of police and detectives,33-1012,160.8,165.4,4.6,2.9,105980.0,High school diploma or equivalent,10.9
      First-line supervisors of firefighting and prevention workers,33-1021,97.2,100.5,3.4,3.4,92430.0,Postsecondary nondegree award,6.5
        First-line supervisors of security workers,33-1091,71.9,73.8,1.9,2.7,58610.0,High school diploma or equivalent,7.0
"        First-line supervisors of protective service workers, all other",33-1099,21.5,21.8,0.3,1.6,74960.0,High school diploma or equivalent,2.1
      Firefighters,33-2011,344.9,356.7,11.8,3.4,59530.0,Postsecondary nondegree award,27.1
        Fire inspectors and investigators,33-2021,14.7,15.2,0.6,3.8,78060.0,Postsecondary nondegree award,1.5
        Forest fire inspectors and prevention specialists,33-2022,2.9,3.3,0.4,14.6,52380.0,High school diploma or equivalent,0.3
        Bailiffs,33-3011,19.0,18.6,-0.4,-2.2,57050.0,High school diploma or equivalent,1.8
        Correctional officers and jailers,33-3012,387.5,357.4,-30.1,-7.8,57970.0,High school diploma or equivalent,30.1
      Detectives and criminal investigators,33-3021,117.9,117.1,-0.8,-0.7,93580.0,High school diploma or equivalent,7.8
      Fish and game wardens,33-3031,7.0,6.6,-0.4,-6.0,68180.0,Bachelor's degree,0.5
      Parking enforcement workers,33-3041,8.4,8.2,-0.1,-1.5,47150.0,High school diploma or equivalent,0.7
        Police and sheriff's patrol officers,33-3051,698.8,720.8,22.0,3.1,76290.0,High school diploma or equivalent,53.7
        Transit and railroad police,33-3052,3.1,3.2,0.1,3.0,82320.0,High school diploma or equivalent,0.2
      Animal control workers,33-9011,12.2,12.7,0.5,3.9,45830.0,High school diploma or equivalent,1.3
      Private detectives and investigators,33-9021,43.6,46.2,2.6,6.0,52370.0,High school diploma or equivalent,3.9
        Gambling surveillance officers and gambling investigators,33-9031,10.3,10.3,0.0,0.3,43900.0,High school diploma or equivalent,1.3
        Security guards,33-9032,1262.1,1267.1,5.1,0.4,38370.0,High school diploma or equivalent,161.0
        Crossing guards and flaggers,33-9091,91.4,94.7,3.3,3.6,37700.0,No formal educational credential,18.0
"        Lifeguards, ski patrol, and other recreational protective service workers",33-9092,149.7,158.4,8.7,5.8,33720.0,No formal educational credential,42.7
        Transportation security screeners,33-9093,50.1,47.1,-3.0,-6.0,63360.0,High school diploma or equivalent,4.7
        School bus monitors,33-9094,71.4,69.5,-2.0,-2.7,34980.0,High school diploma or equivalent,12.6
"        Protective service workers, all other",33-9099,84.0,86.1,2.1,2.5,41600.0,High school diploma or equivalent,23.3
      Chefs and head cooks,35-1011,197.3,211.3,14.0,7.1,60990.0,High school diploma or equivalent,24.4
      First-line supervisors of food preparation and serving workers,35-1012,1215.0,1288.0,73.0,6.0,42010.0,High school diploma or equivalent,183.9
"        Cooks, fast food",35-2011,669.5,579.2,-90.3,-13.5,30160.0,No formal educational credential,82.1
"        Cooks, institution and cafeteria",35-2012,466.1,475.4,9.3,2.0,36450.0,No formal educational credential,69.7
"        Cooks, private household",35-2013,34.2,36.0,1.7,5.1,44530.0,Postsecondary nondegree award,5.3
"        Cooks, restaurant",35-2014,1460.2,1677.2,217.0,14.9,36830.0,No formal educational credential,250.7
"        Cooks, short order",35-2015,151.1,142.7,-8.4,-5.6,35620.0,No formal educational credential,20.6
"        Cooks, all other",35-2019,24.0,25.3,1.3,5.5,36210.0,No formal educational credential,3.7
      Food preparation workers,35-2021,902.7,871.8,-30.9,-3.4,34220.0,No formal educational credential,148.0
      Bartenders,35-3011,756.7,801.5,44.8,5.9,33530.0,No formal educational credential,129.6
      Fast food and counter workers,35-3023,3796.0,4029.2,233.2,6.1,30480.0,No formal educational credential,904.3
      Waiters and waitresses,35-3031,2329.7,2313.5,-16.3,-0.7,33760.0,No formal educational credential,456.7
"      Food servers, nonrestaurant",35-3041,277.2,285.3,8.2,3.0,34460.0,No formal educational credential,48.0
      Dining room and cafeteria attendants and bartender helpers,35-9011,527.4,560.6,33.1,6.3,32670.0,No formal educational credential,99.6
      Dishwashers,35-9021,477.7,478.6,0.9,0.2,33670.0,No formal educational credential,76.8
"      Hosts and hostesses, restaurant, lounge, and coffee shop",35-9031,429.9,423.5,-6.4,-1.5,30380.0,No formal educational credential,107.7
"      Food preparation and serving related workers, all other",35-9099,90.5,96.3,5.8,6.4,34830.0,No formal educational credential,14.6
      First-line supervisors of housekeeping and janitorial workers,37-1011,269.8,276.4,6.7,2.5,47520.0,High school diploma or equivalent,33.0
"      First-line supervisors of landscaping, lawn service, and groundskeeping workers",37-1012,224.7,230.0,5.2,2.3,56170.0,High school diploma or equivalent,23.2
"        Janitors and cleaners, except maids and housekeeping cleaners",37-2011,2447.7,2495.5,47.8,2.0,35930.0,No formal educational credential,351.3
        Maids and housekeeping cleaners,37-2012,1356.8,1362.8,6.0,0.4,34660.0,No formal educational credential,193.5
"        Building cleaning workers, all other",37-2019,18.1,18.5,0.5,2.5,42360.0,No formal educational credential,2.6
      Pest control workers,37-2021,102.4,107.5,5.1,4.9,44730.0,High school diploma or equivalent,13.4
      Landscaping and groundskeeping workers,37-3011,1192.5,1235.0,42.4,3.6,38090.0,No formal educational credential,158.2
"      Pesticide handlers, sprayers, and applicators, vegetation",37-3012,29.6,30.7,1.1,3.8,45200.0,High school diploma or equivalent,4.1
      Tree trimmers and pruners,37-3013,60.1,62.1,2.0,3.3,50430.0,High school diploma or equivalent,7.4
"      Grounds maintenance workers, all other",37-3019,14.1,14.5,0.3,2.4,43410.0,No formal educational credential,1.9
        First-line supervisors of gambling services workers,39-1013,32.5,33.1,0.6,2.0,61590.0,High school diploma or equivalent,3.3
"        First-line supervisors of entertainment and recreation workers, except gambling services",39-1014,123.3,131.1,7.8,6.3,46900.0,High school diploma or equivalent,13.4
      First-line supervisors of personal service workers,39-1022,149.1,159.1,10.0,6.7,47080.0,High school diploma or equivalent,16.3
      Animal trainers,39-2011,47.3,49.8,2.4,5.1,38750.0,High school diploma or equivalent,7.1
      Animal caretakers,39-2021,392.1,439.6,47.6,12.1,33470.0,High school diploma or equivalent,74.6
        Gambling dealers,39-3011,88.7,88.1,-0.6,-0.6,33280.0,High school diploma or equivalent,14.1
        Gambling and sports book writers and runners,39-3012,8.2,7.7,-0.5,-6.1,30460.0,High school diploma or equivalent,1.2
"        Gambling service workers, all other",39-3019,16.1,16.0,-0.1,-0.6,34530.0,High school diploma or equivalent,2.6
      Motion picture projectionists,39-3021,2.0,2.0,-0.1,-3.7,38180.0,No formal educational credential,0.5
"      Ushers, lobby attendants, and ticket takers",39-3031,121.7,123.1,1.4,1.2,31150.0,No formal educational credential,30.8
        Amusement and recreation attendants,39-3091,392.3,405.5,13.2,3.4,30490.0,No formal educational credential,102.4
        Costume attendants,39-3092,6.7,7.1,0.4,5.9,54810.0,High school diploma or equivalent,1.8
"        Locker room, coatroom, and dressing room attendants",39-3093,15.6,16.6,1.0,6.4,34800.0,High school diploma or equivalent,4.2
"        Entertainment attendants and related workers, all other",39-3099,8.5,8.8,0.3,3.6,34550.0,High school diploma or equivalent,2.2
        Embalmers,39-4011,3.6,3.7,0.0,1.3,56280.0,Associate's degree,0.6
        Crematory operators,39-4012,3.1,3.2,0.1,3.3,42880.0,High school diploma or equivalent,0.6
      Funeral attendants,39-4021,32.5,33.5,1.0,3.1,34610.0,High school diploma or equivalent,5.7
"      Morticians, undertakers, and funeral arrangers",39-4031,27.5,28.4,0.8,3.1,49800.0,Associate's degree,3.2
        Barbers,39-5011,76.0,79.2,3.1,4.1,38960.0,Postsecondary nondegree award,8.4
"        Hairdressers, hairstylists, and cosmetologists",39-5012,575.2,607.4,32.2,5.6,35250.0,Postsecondary nondegree award,75.8
"        Makeup artists, theatrical and performance",39-5091,7.0,7.6,0.6,8.1,50280.0,Postsecondary nondegree award,1.1
        Manicurists and pedicurists,39-5092,210.1,224.8,14.7,7.0,34660.0,Postsecondary nondegree award,24.8
        Shampooers,39-5093,18.5,19.6,1.0,5.5,31470.0,No formal educational credential,2.7
        Skincare specialists,39-5094,97.4,103.9,6.6,6.7,41560.0,Postsecondary nondegree award,14.5
      Baggage porters and bellhops,39-6011,32.5,32.0,-0.5,-1.6,36020.0,High school diploma or equivalent,4.6
      Concierges,39-6012,45.6,46.7,1.1,2.3,37320.0,High school diploma or equivalent,6.8
      Tour and travel guides,39-7010,55.8,60.3,4.5,8.1,36660.0,High school diploma or equivalent,13.0
      Childcare workers,39-9011,991.6,962.4,-29.2,-2.9,32050.0,High school diploma or equivalent,160.2
        Exercise trainers and group fitness instructors,39-9031,370.1,414.2,44.1,11.9,46180.0,High school diploma or equivalent,74.2
        Recreation workers,39-9032,327.7,341.1,13.4,4.1,35380.0,High school diploma or equivalent,68.1
      Residential advisors,39-9041,91.2,94.7,3.5,3.8,39180.0,High school diploma or equivalent,17.4
"      Personal care and service workers, all other",39-9099,94.4,100.4,6.0,6.4,37900.0,High school diploma or equivalent,16.1
      First-line supervisors of retail sales workers,41-1011,1432.6,1360.3,-72.3,-5.0,47320.0,High school diploma or equivalent,125.1
      First-line supervisors of non-retail sales workers,41-1012,320.0,320.0,0.0,0.0,84130.0,High school diploma or equivalent,24.8
        Cashiers,41-2011,3157.2,2843.6,-313.6,-9.9,31190.0,No formal educational credential,542.6
        Gambling change persons and booth cashiers,41-2012,22.6,21.1,-1.5,-6.4,34810.0,No formal educational credential,4.0
        Counter and rental clerks,41-2021,408.2,421.3,13.1,3.2,38540.0,No formal educational credential,45.9
        Parts salespersons,41-2022,272.1,280.6,8.5,3.1,37440.0,No formal educational credential,30.2
      Retail salespersons,41-2031,3936.7,3917.1,-19.6,-0.5,34580.0,No formal educational credential,555.8
      Advertising sales agents,41-3011,103.7,97.1,-6.6,-6.4,61460.0,High school diploma or equivalent,9.3
      Insurance sales agents,41-3021,568.8,589.8,21.1,3.7,60370.0,High school diploma or equivalent,47.0
"      Securities, commodities, and financial services sales agents",41-3031,514.5,531.6,17.1,3.3,78140.0,Bachelor's degree,38.1
      Travel agents,41-3041,65.7,67.2,1.4,2.2,48450.0,High school diploma or equivalent,7.1
"      Sales representatives of services, except advertising, insurance, financial services, and travel",41-3091,1226.7,1264.7,37.9,3.1,66260.0,High school diploma or equivalent,123.0
"      Sales representatives, wholesale and manufacturing, technical and scientific products",41-4011,303.2,308.9,5.7,1.9,100070.0,Bachelor's degree,27.2
"      Sales representatives, wholesale and manufacturing, except technical and scientific products",41-4012,1310.5,1314.9,4.4,0.3,66780.0,High school diploma or equivalent,114.8
        Demonstrators and product promoters,41-9011,79.2,79.1,-0.1,-0.1,37960.0,No formal educational credential,14.0
        Models,41-9012,6.7,6.7,0.0,-0.5,89990.0,No formal educational credential,1.2
        Real estate brokers,41-9021,111.3,115.0,3.7,3.3,72280.0,High school diploma or equivalent,9.7
        Real estate sales agents,41-9022,420.9,433.7,12.8,3.1,56320.0,High school diploma or equivalent,36.6
      Sales engineers,41-9031,56.8,59.9,3.1,5.5,121520.0,Bachelor's degree,5.0
      Telemarketers,41-9041,67.4,52.5,-14.9,-22.1,34410.0,No formal educational credential,6.5
"        Door-to-door sales workers, news and street vendors, and related workers",41-9091,25.3,22.8,-2.5,-10.0,34530.0,No formal educational credential,2.7
"        Sales and related workers, all other",41-9099,122.6,127.1,4.5,3.7,46370.0,High school diploma or equivalent,16.0
      First-line supervisors of office and administrative support workers,43-1011,1558.4,1554.4,-3.9,-0.3,66140.0,High school diploma or equivalent,144.5
"      Switchboard operators, including answering service",43-2011,36.6,27.0,-9.6,-26.3,38370.0,High school diploma or equivalent,2.8
      Telephone operators,43-2021,4.0,2.9,-1.1,-27.5,39130.0,High school diploma or equivalent,0.3
"      Communications equipment operators, all other",43-2099,1.4,1.5,0.0,2.5,49910.0,High school diploma or equivalent,0.1
      Bill and account collectors,43-3011,166.9,149.4,-17.5,-10.5,46040.0,High school diploma or equivalent,13.7
      Billing and posting clerks,43-3021,429.8,427.9,-1.9,-0.4,47170.0,High school diploma or equivalent,42.2
"      Bookkeeping, accounting, and auditing clerks",43-3031,1613.4,1519.1,-94.3,-5.8,49210.0,"Some college, no degree",170.0
      Gambling cage workers,43-3041,14.1,13.4,-0.7,-5.0,36990.0,High school diploma or equivalent,1.3
      Payroll and timekeeping clerks,43-3051,161.1,134.2,-27.0,-16.7,55290.0,High school diploma or equivalent,13.0
      Procurement clerks,43-3061,61.9,56.6,-5.4,-8.7,48510.0,High school diploma or equivalent,4.6
      Tellers,43-3071,347.4,302.5,-44.9,-12.9,39340.0,High school diploma or equivalent,29.8
"      Financial clerks, all other",43-3099,38.9,39.4,0.5,1.4,52150.0,High school diploma or equivalent,4.0
      Brokerage clerks,43-4011,40.8,36.9,-3.9,-9.5,62940.0,High school diploma or equivalent,4.1
      Correspondence clerks,43-4021,6.9,6.5,-0.4,-5.6,46740.0,High school diploma or equivalent,0.7
"      Court, municipal, and license clerks",43-4031,180.4,185.9,5.5,3.0,47700.0,High school diploma or equivalent,18.5
"      Credit authorizers, checkers, and clerks",43-4041,12.0,11.3,-0.7,-6.2,49130.0,High school diploma or equivalent,1.0
      Customer service representatives,43-4051,2814.0,2660.3,-153.7,-5.5,42830.0,High school diploma or equivalent,341.7
"      Eligibility interviewers, government programs",43-4061,166.8,168.5,1.7,1.0,51500.0,High school diploma or equivalent,14.0
      File clerks,43-4071,84.3,70.9,-13.4,-15.9,41270.0,High school diploma or equivalent,7.3
"      Hotel, motel, and resort desk clerks",43-4081,264.2,274.0,9.9,3.7,34270.0,High school diploma or equivalent,43.6
"      Interviewers, except eligibility and loan",43-4111,164.3,145.1,-19.1,-11.6,43830.0,High school diploma or equivalent,15.8
"      Library assistants, clerical",43-4121,84.5,78.9,-5.6,-6.7,36010.0,High school diploma or equivalent,12.8
      Loan interviewers and clerks,43-4131,177.6,173.5,-4.1,-2.3,48950.0,High school diploma or equivalent,13.3
      New accounts clerks,43-4141,38.9,33.8,-5.2,-13.2,46610.0,High school diploma or equivalent,2.3
      Order clerks,43-4151,89.5,74.1,-15.4,-17.2,44660.0,"Some college, no degree",8.0
"      Human resources assistants, except payroll and timekeeping",43-4161,95.2,88.4,-6.8,-7.1,49440.0,Associate's degree,9.0
      Receptionists and information clerks,43-4171,1007.2,1007.6,0.3,0.0,37230.0,High school diploma or equivalent,128.5
      Reservation and transportation ticket agents and travel clerks,43-4181,131.9,135.6,3.7,2.8,41460.0,High school diploma or equivalent,14.4
"      Information and record clerks, all other",43-4199,153.3,153.0,-0.3,-0.2,48360.0,High school diploma or equivalent,17.8
      Cargo and freight agents,43-5011,100.6,109.2,8.6,8.5,49900.0,High school diploma or equivalent,8.8
      Couriers and messengers,43-5021,247.2,267.6,20.4,8.2,38340.0,High school diploma or equivalent,27.9
        Public safety telecommunicators,43-5031,105.2,108.9,3.6,3.5,50730.0,High school diploma or equivalent,10.7
"        Dispatchers, except police, fire, and ambulance",43-5032,218.7,216.7,-2.1,-0.9,48880.0,High school diploma or equivalent,18.5
"      Meter readers, utilities",43-5041,20.1,17.7,-2.4,-12.0,49180.0,High school diploma or equivalent,1.3
        Postal service clerks,43-5051,74.2,71.6,-2.6,-3.5,61630.0,No formal educational credential,6.1
        Postal service mail carriers,43-5052,319.4,308.1,-11.3,-3.5,57490.0,No formal educational credential,20.6
"        Postal service mail sorters, processors, and processing machine operators",43-5053,106.4,97.5,-8.9,-8.4,56530.0,No formal educational credential,7.8
"      Production, planning, and expediting clerks",43-5061,388.8,381.7,-7.1,-1.8,57770.0,High school diploma or equivalent,34.1
"      Shipping, receiving, and inventory clerks",43-5071,862.2,795.8,-66.3,-7.7,43190.0,High school diploma or equivalent,69.3
"      Weighers, measurers, checkers, and samplers, recordkeeping",43-5111,49.8,47.4,-2.4,-4.8,45650.0,High school diploma or equivalent,5.3
      Executive secretaries and executive administrative assistants,43-6011,502.8,494.9,-7.9,-1.6,74260.0,High school diploma or equivalent,50.0
      Legal secretaries and administrative assistants,43-6012,156.3,147.3,-9.0,-5.8,54140.0,High school diploma or equivalent,19.6
      Medical secretaries and administrative assistants,43-6013,850.0,885.3,35.3,4.2,44640.0,High school diploma or equivalent,85.9
"      Secretaries and administrative assistants, except legal, medical, and executive",43-6014,1944.0,1913.2,-30.8,-1.6,46290.0,High school diploma or equivalent,202.8
        Data entry keyers,43-9021,141.6,104.9,-36.7,-25.9,39850.0,High school diploma or equivalent,9.5
        Word processors and typists,43-9022,40.0,25.6,-14.4,-36.1,47850.0,High school diploma or equivalent,2.2
      Desktop publishers,43-9031,5.0,4.4,-0.6,-12.4,53620.0,Associate's degree,0.4
      Insurance claims and policy processing clerks,43-9041,256.7,247.2,-9.5,-3.7,48450.0,High school diploma or equivalent,20.3
"      Mail clerks and mail machine operators, except postal service",43-9051,67.4,62.9,-4.4,-6.6,38150.0,High school diploma or equivalent,6.9
"      Office clerks, general",43-9061,2646.0,2468.2,-177.8,-6.7,43630.0,High school diploma or equivalent,282.4
"      Office machine operators, except computer",43-9071,25.5,21.6,-3.9,-15.2,39020.0,High school diploma or equivalent,2.8
      Proofreaders and copy markers,43-9081,12.0,11.9,-0.1,-0.6,49210.0,Bachelor's degree,1.9
      Statistical assistants,43-9111,6.5,6.3,-0.2,-2.5,51440.0,Bachelor's degree,0.8
"      Office and administrative support workers, all other",43-9199,232.9,214.8,-18.1,-7.8,46040.0,High school diploma or equivalent,21.3
"      First-line supervisors of farming, fishing, and forestry workers",45-1011,65.4,67.0,1.6,2.5,59330.0,High school diploma or equivalent,8.5
      Agricultural inspectors,45-2011,14.7,14.9,0.2,1.5,50990.0,Bachelor's degree,2.2
      Animal breeders,45-2021,7.9,8.1,0.2,2.4,52000.0,High school diploma or equivalent,1.2
"      Graders and sorters, agricultural products",45-2041,38.9,36.8,-2.1,-5.4,35430.0,No formal educational credential,5.1
        Agricultural equipment operators,45-2091,65.2,70.3,5.0,7.7,42580.0,No formal educational credential,10.5
"        Farmworkers and laborers, crop, nursery, and greenhouse",45-2092,504.8,488.1,-16.8,-3.3,35690.0,No formal educational credential,71.7
"        Farmworkers, farm, ranch, and aquacultural animals",45-2093,224.6,213.4,-11.1,-5.0,36150.0,No formal educational credential,31.2
"        Agricultural workers, all other",45-2099,10.1,10.3,0.2,2.3,40390.0,No formal educational credential,1.5
      Fishing and hunting workers,45-3031,21.9,20.9,-1.0,-4.6,,No formal educational credential,2.8
      Forest and conservation workers,45-4011,10.8,10.3,-0.5,-4.7,43680.0,High school diploma or equivalent,2.0
        Fallers,45-4021,5.6,5.2,-0.4,-7.3,53900.0,High school diploma or equivalent,0.7
        Logging equipment operators,45-4022,30.9,30.5,-0.4,-1.4,49210.0,High school diploma or equivalent,4.2
        Log graders and scalers,45-4023,4.6,4.6,0.0,-0.7,46710.0,High school diploma or equivalent,0.6
"        Logging workers, all other",45-4029,3.1,3.0,-0.1,-4.7,52000.0,High school diploma or equivalent,0.4
      First-line supervisors of construction trades and extraction workers,47-1011,921.6,970.6,49.0,5.3,78690.0,High school diploma or equivalent,74.4
      Boilermakers,47-2011,10.4,10.1,-0.2,-2.4,73340.0,High school diploma or equivalent,0.8
        Brickmasons and blockmasons,47-2021,74.1,76.4,2.4,3.2,60800.0,High school diploma or equivalent,5.6
        Stonemasons,47-2022,12.1,11.8,-0.4,-3.0,51990.0,High school diploma or equivalent,0.8
      Carpenters,47-2031,959.0,1002.1,43.1,4.5,59310.0,High school diploma or equivalent,74.1
        Carpet installers,47-2041,20.3,18.3,-1.9,-9.6,49850.0,No formal educational credential,1.1
"        Floor layers, except carpet, wood, and hard tiles",47-2042,33.7,36.9,3.2,9.5,54340.0,No formal educational credential,2.7
        Floor sanders and finishers,47-2043,5.6,5.8,0.1,2.6,49150.0,No formal educational credential,0.4
        Tile and stone setters,47-2044,52.6,58.0,5.3,10.1,52240.0,No formal educational credential,4.2
        Cement masons and concrete finishers,47-2051,206.7,210.4,3.8,1.8,54660.0,No formal educational credential,14.3
        Terrazzo workers and finishers,47-2053,1.5,1.3,-0.2,-11.1,57260.0,High school diploma or equivalent,0.1
      Construction laborers,47-2061,1457.0,1563.4,106.5,7.3,46730.0,No formal educational credential,129.4
"        Paving, surfacing, and tamping equipment operators",47-2071,47.0,48.6,1.5,3.2,51650.0,High school diploma or equivalent,4.0
        Pile driver operators,47-2072,3.2,3.3,0.1,4.3,70510.0,High school diploma or equivalent,0.3
        Operating engineers and other construction equipment operators,47-2073,489.3,507.1,17.8,3.6,58710.0,High school diploma or equivalent,41.9
        Drywall and ceiling tile installers,47-2081,103.1,107.4,4.3,4.2,58140.0,No formal educational credential,7.7
        Tapers,47-2082,15.6,15.6,0.0,0.1,64700.0,No formal educational credential,1.1
      Electricians,47-2111,818.7,896.1,77.4,9.5,62350.0,High school diploma or equivalent,81.0
      Glaziers,47-2121,60.5,62.5,2.0,3.3,55440.0,High school diploma or equivalent,5.1
"        Insulation workers, floor, ceiling, and wall",47-2131,40.2,41.7,1.5,3.8,48680.0,No formal educational credential,3.4
"        Insulation workers, mechanical",47-2132,27.2,28.5,1.3,4.7,57250.0,High school diploma or equivalent,2.3
"        Painters, construction and maintenance",47-2141,342.2,355.2,13.0,3.8,48660.0,No formal educational credential,28.1
        Paperhangers,47-2142,2.3,2.5,0.1,5.3,48260.0,No formal educational credential,0.2
        Pipelayers,47-2151,34.4,32.9,-1.4,-4.1,48710.0,No formal educational credential,2.4
"        Plumbers, pipefitters, and steamfitters",47-2152,504.5,527.2,22.7,4.5,62970.0,High school diploma or equivalent,44.0
      Plasterers and stucco masons,47-2161,24.2,25.2,1.0,4.1,56020.0,No formal educational credential,1.9
      Reinforcing iron and rebar workers,47-2171,19.4,20.3,0.9,4.6,59280.0,High school diploma or equivalent,1.5
      Roofers,47-2181,166.7,176.5,9.8,5.9,50970.0,No formal educational credential,12.7
      Sheet metal workers,47-2211,127.0,130.1,3.1,2.4,60850.0,High school diploma or equivalent,10.6
      Structural iron and steel workers,47-2221,65.7,68.6,2.9,4.4,62700.0,High school diploma or equivalent,5.5
      Solar photovoltaic installers,47-2231,28.6,40.6,12.0,42.1,51860.0,High school diploma or equivalent,4.1
"      Helpers--brickmasons, blockmasons, stonemasons, and tile and marble setters",47-3011,16.1,14.4,-1.7,-10.5,46480.0,No formal educational credential,1.4
      Helpers--carpenters,47-3012,25.2,26.4,1.1,4.5,41600.0,No formal educational credential,2.7
      Helpers--electricians,47-3013,66.6,66.7,0.1,0.2,39890.0,High school diploma or equivalent,6.8
"      Helpers--painters, paperhangers, plasterers, and stucco masons",47-3014,7.4,7.6,0.2,2.3,38140.0,No formal educational credential,0.8
"      Helpers--pipelayers, plumbers, pipefitters, and steamfitters",47-3015,45.3,47.5,2.2,4.9,39270.0,High school diploma or equivalent,4.9
      Helpers--roofers,47-3016,5.2,5.5,0.3,5.7,40590.0,No formal educational credential,0.6
"      Helpers, construction trades, all other",47-3019,26.3,27.4,1.2,4.4,40760.0,No formal educational credential,2.8
      Construction and building inspectors,47-4011,147.6,146.5,-1.2,-0.8,72120.0,High school diploma or equivalent,14.8
      Elevator and escalator installers and repairers,47-4021,24.2,25.4,1.2,5.0,106580.0,High school diploma or equivalent,2.0
      Fence erectors,47-4031,26.4,27.6,1.2,4.6,46940.0,No formal educational credential,2.3
      Hazardous materials removal workers,47-4041,51.3,51.8,0.5,1.0,48490.0,High school diploma or equivalent,5.0
      Highway maintenance workers,47-4051,159.1,163.9,4.8,3.0,49070.0,High school diploma or equivalent,12.3
      Rail-track laying and maintenance equipment operators,47-4061,15.0,15.3,0.2,1.6,67370.0,High school diploma or equivalent,1.1
      Septic tank servicers and sewer pipe cleaners,47-4071,30.4,32.7,2.3,7.6,49140.0,High school diploma or equivalent,2.9
      Miscellaneous construction and related workers,47-4090,35.0,36.2,1.2,3.5,48120.0,High school diploma or equivalent,3.1
"        Derrick operators, oil and gas",47-5011,11.3,11.3,0.1,0.5,62740.0,No formal educational credential,1.0
"        Rotary drill operators, oil and gas",47-5012,13.3,13.4,0.0,0.2,65010.0,No formal educational credential,1.2
"        Service unit operators, oil and gas",47-5013,45.2,45.4,0.2,0.4,57980.0,No formal educational credential,4.1
"        Excavating and loading machine and dragline operators, surface mining",47-5022,35.8,35.6,-0.1,-0.4,52550.0,High school diploma or equivalent,3.1
"        Earth drillers, except oil and gas",47-5023,18.3,18.8,0.5,2.9,59600.0,High school diploma or equivalent,1.7
"      Explosives workers, ordnance handling experts, and blasters",47-5032,5.8,5.8,-0.1,-0.9,59110.0,High school diploma or equivalent,0.5
        Continuous mining machine operators,47-5041,14.9,15.0,0.1,0.6,63380.0,No formal educational credential,1.6
"        Roof bolters, mining",47-5043,2.3,1.5,-0.8,-34.2,76640.0,High school diploma or equivalent,0.1
"        Loading and moving machine operators, underground mining",47-5044,6.4,5.0,-1.4,-22.3,68860.0,No formal educational credential,0.5
"        Underground mining machine operators, all other",47-5049,3.6,3.4,-0.2,-6.1,67220.0,No formal educational credential,0.4
"      Rock splitters, quarry",47-5051,3.2,3.4,0.1,4.4,47460.0,No formal educational credential,0.4
"      Roustabouts, oil and gas",47-5071,46.0,47.1,1.1,2.5,47510.0,No formal educational credential,4.3
      Helpers--extraction workers,47-5081,7.0,6.9,-0.1,-1.7,48400.0,High school diploma or equivalent,0.7
"      Extraction workers, all other",47-5099,6.3,6.4,0.1,1.4,50110.0,High school diploma or equivalent,0.7
"      First-line supervisors of mechanics, installers, and repairers",49-1011,617.5,636.5,19.1,3.1,78300.0,High school diploma or equivalent,52.4
"      Computer, automated teller, and office machine repairers",49-2011,79.1,78.4,-0.7,-0.9,46860.0,"Some college, no degree",7.6
"        Radio, cellular, and tower equipment installers and repairers",49-2021,11.7,12.7,1.0,8.6,64190.0,Associate's degree,1.2
"        Telecommunications equipment installers and repairers, except line installers",49-2022,156.9,150.4,-6.6,-4.2,62630.0,Postsecondary nondegree award,13.2
        Avionics technicians,49-2091,21.4,23.1,1.7,8.2,81390.0,Postsecondary nondegree award,1.8
"        Electric motor, power tool, and related repairers",49-2092,17.1,17.7,0.6,3.4,53990.0,High school diploma or equivalent,1.7
"        Electrical and electronics installers and repairers, transportation equipment",49-2093,7.0,7.4,0.4,6.1,82730.0,Postsecondary nondegree award,0.6
"        Electrical and electronics repairers, commercial and industrial equipment",49-2094,61.1,60.7,-0.5,-0.8,71300.0,Postsecondary nondegree award,4.7
"        Electrical and electronics repairers, powerhouse, substation, and relay",49-2095,23.4,24.7,1.3,5.5,100940.0,Postsecondary nondegree award,2.0
"        Electronic equipment installers and repairers, motor vehicles",49-2096,10.3,8.9,-1.4,-13.6,47940.0,High school diploma or equivalent,0.6
        Audiovisual equipment installers and repairers,49-2097,24.6,26.3,1.6,6.6,50620.0,Postsecondary nondegree award,2.6
        Security and fire alarm systems installers,49-2098,85.9,94.9,8.9,10.4,59300.0,High school diploma or equivalent,9.4
      Aircraft mechanics and service technicians,49-3011,139.4,145.0,5.6,4.0,78680.0,Postsecondary nondegree award,11.3
        Automotive body and related repairers,49-3021,172.6,175.4,2.8,1.6,51680.0,High school diploma or equivalent,14.6
        Automotive glass installers and repairers,49-3022,20.4,21.1,0.7,3.6,47260.0,High school diploma or equivalent,1.4
        Automotive service technicians and mechanics,49-3023,805.6,839.2,33.6,4.2,49670.0,Postsecondary nondegree award,70.0
      Bus and truck mechanics and diesel engine specialists,49-3031,319.9,327.7,7.8,2.4,60640.0,High school diploma or equivalent,26.5
        Farm equipment mechanics and service technicians,49-3041,39.0,43.3,4.3,11.0,52080.0,High school diploma or equivalent,3.7
"        Mobile heavy equipment mechanics, except engines",49-3042,188.7,199.6,10.9,5.8,63980.0,High school diploma or equivalent,16.5
        Rail car repairers,49-3043,17.9,18.4,0.5,2.8,65680.0,High school diploma or equivalent,1.5
        Motorboat mechanics and service technicians,49-3051,26.2,27.8,1.6,6.0,54950.0,High school diploma or equivalent,2.6
        Motorcycle mechanics,49-3052,14.9,15.7,0.8,5.3,47200.0,Postsecondary nondegree award,1.5
        Outdoor power equipment and other small engine mechanics,49-3053,36.9,37.8,0.9,2.5,46560.0,High school diploma or equivalent,3.5
        Bicycle repairers,49-3091,13.2,12.9,-0.3,-2.3,40360.0,High school diploma or equivalent,1.6
        Recreational vehicle service technicians,49-3092,19.5,21.7,2.2,11.5,50540.0,High school diploma or equivalent,2.8
        Tire repairers and changers,49-3093,113.4,119.9,6.5,5.7,37120.0,High school diploma or equivalent,15.3
        Mechanical door repairers,49-9011,28.4,31.7,3.2,11.4,51050.0,High school diploma or equivalent,2.7
"        Control and valve installers and repairers, except mechanical door",49-9012,47.7,48.3,0.6,1.3,74690.0,High school diploma or equivalent,3.9
"      Heating, air conditioning, and refrigeration mechanics and installers",49-9021,425.2,459.7,34.5,8.1,59810.0,Postsecondary nondegree award,40.1
      Home appliance repairers,49-9031,37.3,38.3,1.0,2.6,49410.0,High school diploma or equivalent,3.1
        Industrial machinery mechanics,49-9041,439.6,510.3,70.7,16.1,63760.0,High school diploma or equivalent,45.7
"        Maintenance workers, machinery",49-9043,57.5,55.9,-1.6,-2.8,60500.0,High school diploma or equivalent,4.8
        Millwrights,49-9044,41.3,41.3,0.0,0.0,65170.0,High school diploma or equivalent,3.6
"        Refractory materials repairers, except brickmasons",49-9045,1.1,0.9,-0.2,-16.9,58540.0,High school diploma or equivalent,0.1
        Electrical power-line installers and repairers,49-9051,127.4,135.8,8.4,6.6,92560.0,High school diploma or equivalent,10.7
        Telecommunications line installers and repairers,49-9052,99.9,96.8,-3.1,-3.1,70500.0,High school diploma or equivalent,8.9
        Camera and photographic equipment repairers,49-9061,2.3,1.9,-0.3,-15.1,49300.0,High school diploma or equivalent,0.2
        Medical equipment repairers,49-9062,68.0,76.8,8.8,12.9,62630.0,Associate's degree,7.3
        Musical instrument repairers and tuners,49-9063,6.2,6.3,0.1,1.4,45320.0,High school diploma or equivalent,0.6
        Watch and clock repairers,49-9064,1.4,1.4,0.0,-1.1,60690.0,High school diploma or equivalent,0.1
"        Precision instrument and equipment repairers, all other",49-9069,10.8,11.0,0.2,2.0,67080.0,High school diploma or equivalent,1.0
"      Maintenance and repair workers, general",49-9071,1629.7,1692.1,62.4,3.8,48620.0,High school diploma or equivalent,159.8
      Wind turbine service technicians,49-9081,13.6,20.5,6.8,49.9,62580.0,Postsecondary nondegree award,2.3
"        Coin, vending, and amusement machine servicers and repairers",49-9091,32.5,31.6,-0.9,-2.9,47350.0,High school diploma or equivalent,3.5
        Commercial divers,49-9092,4.2,4.5,0.4,8.5,61130.0,Postsecondary nondegree award,0.4
        Locksmiths and safe repairers,49-9094,18.8,17.2,-1.6,-8.3,50490.0,High school diploma or equivalent,1.7
        Manufactured building and mobile home installers,49-9095,3.1,3.3,0.2,5.9,41080.0,High school diploma or equivalent,0.3
        Riggers,49-9096,24.6,25.4,0.8,3.2,62060.0,High school diploma or equivalent,2.5
        Signal and track switch repairers,49-9097,8.7,8.8,0.1,1.7,83600.0,High school diploma or equivalent,0.8
"        Helpers--installation, maintenance, and repair workers",49-9098,98.7,101.0,2.2,2.3,38860.0,High school diploma or equivalent,11.8
"        Installation, maintenance, and repair workers, all other",49-9099,221.2,226.5,5.4,2.4,48640.0,High school diploma or equivalent,21.5
      First-line supervisors of production and operating workers,51-1011,698.6,706.9,8.3,1.2,71190.0,High school diploma or equivalent,67.7
"      Aircraft structure, surfaces, rigging, and systems assemblers",51-2011,33.6,28.7,-4.9,-14.5,61680.0,High school diploma or equivalent,2.8
"        Coil winders, tapers, and finishers",51-2021,12.2,11.5,-0.8,-6.3,47260.0,High school diploma or equivalent,1.2
"        Electrical, electronic, and electromechanical assemblers, except coil winders, tapers, and finishers",51-2028,261.4,273.3,11.9,4.6,44040.0,High school diploma or equivalent,29.6
      Engine and other machine assemblers,51-2031,38.4,30.3,-8.1,-21.1,52540.0,High school diploma or equivalent,2.8
      Structural metal fabricators and fitters,51-2041,53.8,45.0,-8.8,-16.3,49900.0,High school diploma or equivalent,4.1
      Fiberglass laminators and fabricators,51-2051,18.6,19.4,0.8,4.2,45760.0,High school diploma or equivalent,2.1
      Timing device assemblers and adjusters,51-2061,0.2,0.2,0.0,-17.5,40790.0,High school diploma or equivalent,0.0
      Miscellaneous assemblers and fabricators,51-2090,1467.1,1465.9,-1.3,-0.1,42210.0,High school diploma or equivalent,156.3
      Bakers,51-3011,249.1,263.2,14.0,5.6,36650.0,No formal educational credential,39.9
        Butchers and meat cutters,51-3021,143.1,144.5,1.4,1.0,38960.0,No formal educational credential,16.9
"        Meat, poultry, and fish cutters and trimmers",51-3022,146.8,154.9,8.1,5.5,37700.0,No formal educational credential,18.4
        Slaughterers and meat packers,51-3023,69.6,71.2,1.5,2.2,39790.0,No formal educational credential,8.4
"        Food and tobacco roasting, baking, and drying machine operators and tenders",51-3091,20.7,20.8,0.1,0.6,42730.0,No formal educational credential,2.4
        Food batchmakers,51-3092,173.5,185.4,11.9,6.9,40790.0,High school diploma or equivalent,24.2
        Food cooking machine operators and tenders,51-3093,29.7,29.9,0.2,0.6,40550.0,High school diploma or equivalent,4.4
"        Food processing workers, all other",51-3099,58.7,61.8,3.1,5.3,38420.0,No formal educational credential,6.5
"        Extruding and drawing machine setters, operators, and tenders, metal and plastic",51-4021,66.0,66.8,0.8,1.2,46980.0,High school diploma or equivalent,6.5
"        Forging machine setters, operators, and tenders, metal and plastic",51-4022,8.8,7.2,-1.7,-18.9,49240.0,High school diploma or equivalent,0.6
"        Rolling machine setters, operators, and tenders, metal and plastic",51-4023,22.5,20.6,-1.9,-8.3,48630.0,High school diploma or equivalent,1.9
"        Cutting, punching, and press machine setters, operators, and tenders, metal and plastic",51-4031,174.7,153.6,-21.1,-12.1,45590.0,High school diploma or equivalent,14.4
"        Drilling and boring machine tool setters, operators, and tenders, metal and plastic",51-4032,5.3,4.3,-1.0,-19.6,46630.0,High school diploma or equivalent,0.4
"        Grinding, lapping, polishing, and buffing machine tool setters, operators, and tenders, metal and plastic",51-4033,70.1,61.7,-8.4,-12.0,45190.0,High school diploma or equivalent,5.5
"        Lathe and turning machine tool setters, operators, and tenders, metal and plastic",51-4034,18.9,16.4,-2.6,-13.6,48620.0,High school diploma or equivalent,1.5
"        Milling and planing machine setters, operators, and tenders, metal and plastic",51-4035,13.8,11.8,-2.0,-14.4,48310.0,High school diploma or equivalent,1.1
      Machinists,51-4041,299.5,299.6,0.0,0.0,56150.0,High school diploma or equivalent,29.5
        Metal-refining furnace operators and tenders,51-4051,20.8,20.3,-0.5,-2.3,55770.0,High school diploma or equivalent,2.0
"        Pourers and casters, metal",51-4052,5.9,5.7,-0.3,-4.7,48940.0,High school diploma or equivalent,0.6
"        Model makers, metal and plastic",51-4061,3.2,2.6,-0.6,-18.2,62700.0,High school diploma or equivalent,0.3
"        Patternmakers, metal and plastic",51-4062,1.6,1.2,-0.4,-24.4,54540.0,High school diploma or equivalent,0.1
        Foundry mold and coremakers,51-4071,12.7,9.4,-3.3,-25.9,45700.0,High school diploma or equivalent,0.9
"        Molding, coremaking, and casting machine setters, operators, and tenders, metal and plastic",51-4072,154.6,148.8,-5.8,-3.8,41230.0,High school diploma or equivalent,15.9
"      Multiple machine tool setters, operators, and tenders, metal and plastic",51-4081,131.0,130.3,-0.7,-0.5,46060.0,High school diploma or equivalent,12.8
      Tool and die makers,51-4111,55.2,49.3,-6.0,-10.8,63180.0,Postsecondary nondegree award,4.7
"        Welders, cutters, solderers, and brazers",51-4121,457.3,467.2,9.9,2.2,51000.0,High school diploma or equivalent,45.6
"        Welding, soldering, and brazing machine setters, operators, and tenders",51-4122,38.9,35.4,-3.5,-9.0,47060.0,High school diploma or equivalent,3.2
"        Heat treating equipment setters, operators, and tenders, metal and plastic",51-4191,14.8,12.9,-1.9,-12.8,47450.0,High school diploma or equivalent,1.2
"        Layout workers, metal and plastic",51-4192,5.7,5.4,-0.3,-5.4,61870.0,High school diploma or equivalent,0.5
"        Plating machine setters, operators, and tenders, metal and plastic",51-4193,31.7,27.4,-4.3,-13.6,41600.0,High school diploma or equivalent,2.5
"        Tool grinders, filers, and sharpeners",51-4194,5.8,5.4,-0.5,-7.8,48970.0,High school diploma or equivalent,0.5
"        Metal workers and plastic workers, all other",51-4199,20.4,18.5,-1.9,-9.5,42750.0,High school diploma or equivalent,1.7
      Prepress technicians and workers,51-5111,26.2,22.3,-3.8,-14.6,47300.0,Postsecondary nondegree award,2.8
      Printing press operators,51-5112,150.2,138.0,-12.2,-8.1,45160.0,High school diploma or equivalent,13.7
      Print binding and finishing workers,51-5113,35.8,30.0,-5.8,-16.1,39820.0,High school diploma or equivalent,2.8
      Laundry and dry-cleaning workers,51-6011,202.6,213.5,10.9,5.4,33800.0,No formal educational credential,31.9
"      Pressers, textile, garment, and related materials",51-6021,28.4,24.6,-3.8,-13.5,33880.0,No formal educational credential,2.8
      Sewing machine operators,51-6031,124.0,110.7,-13.3,-10.8,36000.0,No formal educational credential,13.0
        Shoe and leather workers and repairers,51-6041,9.5,9.1,-0.4,-3.8,35950.0,High school diploma or equivalent,0.9
        Shoe machine operators and tenders,51-6042,4.1,3.9,-0.2,-3.7,38160.0,High school diploma or equivalent,0.4
"        Sewers, hand",51-6051,5.4,5.0,-0.4,-7.0,33760.0,No formal educational credential,0.7
"        Tailors, dressmakers, and custom sewers",51-6052,38.8,37.1,-1.7,-4.5,40860.0,No formal educational credential,5.0
        Textile bleaching and dyeing machine operators and tenders,51-6061,6.2,5.5,-0.6,-10.1,37320.0,High school diploma or equivalent,0.7
"        Textile cutting machine setters, operators, and tenders",51-6062,9.3,8.2,-1.1,-11.7,37940.0,High school diploma or equivalent,1.0
"        Textile knitting and weaving machine setters, operators, and tenders",51-6063,15.3,13.6,-1.7,-11.2,38260.0,High school diploma or equivalent,1.7
"        Textile winding, twisting, and drawing out machine setters, operators, and tenders",51-6064,21.7,19.8,-1.9,-9.0,37660.0,High school diploma or equivalent,2.5
"        Extruding and forming machine setters, operators, and tenders, synthetic and glass fibers",51-6091,15.2,15.0,-0.2,-1.1,44980.0,High school diploma or equivalent,2.0
        Fabric and apparel patternmakers,51-6092,2.8,2.5,-0.3,-10.2,67670.0,High school diploma or equivalent,0.3
        Upholsterers,51-6093,22.7,22.3,-0.4,-1.8,46190.0,High school diploma or equivalent,2.2
"        Textile, apparel, and furnishings workers, all other",51-6099,14.7,13.3,-1.4,-9.4,37010.0,High school diploma or equivalent,1.7
      Cabinetmakers and bench carpenters,51-7011,86.0,84.7,-1.4,-1.6,46020.0,High school diploma or equivalent,8.1
      Furniture finishers,51-7021,20.5,19.8,-0.7,-3.3,42530.0,High school diploma or equivalent,2.0
"        Model makers, wood",51-7031,0.9,0.9,0.0,-4.5,51850.0,High school diploma or equivalent,0.1
"        Patternmakers, wood",51-7032,0.5,0.4,0.0,-5.0,52520.0,High school diploma or equivalent,0.0
"        Sawing machine setters, operators, and tenders, wood",51-7041,45.0,44.7,-0.3,-0.6,39950.0,High school diploma or equivalent,4.8
"        Woodworking machine setters, operators, and tenders, except sawing",51-7042,63.1,61.9,-1.1,-1.8,40440.0,High school diploma or equivalent,6.4
"      Woodworkers, all other",51-7099,17.6,16.8,-0.8,-4.4,41220.0,High school diploma or equivalent,1.8
        Nuclear power reactor operators,51-8011,5.7,4.9,-0.9,-15.3,122610.0,High school diploma or equivalent,0.4
        Power distributors and dispatchers,51-8012,9.3,9.0,-0.3,-3.2,107240.0,High school diploma or equivalent,0.8
        Power plant operators,51-8013,31.6,28.0,-3.5,-11.2,99670.0,High school diploma or equivalent,2.5
      Stationary engineers and boiler operators,51-8021,33.3,34.0,0.7,2.2,75190.0,High school diploma or equivalent,3.8
      Water and wastewater treatment plant and system operators,51-8031,132.4,123.8,-8.7,-6.5,58260.0,High school diploma or equivalent,10.7
        Chemical plant and system operators,51-8091,18.1,17.0,-1.1,-6.1,73540.0,High school diploma or equivalent,1.6
        Gas plant operators,51-8092,16.2,14.8,-1.4,-8.8,83400.0,High school diploma or equivalent,1.3
"        Petroleum pump system operators, refinery operators, and gaugers",51-8093,34.9,34.0,-1.0,-2.8,97540.0,High school diploma or equivalent,3.2
"        Plant and system operators, all other",51-8099,16.3,16.6,0.3,1.6,61710.0,High school diploma or equivalent,1.6
        Chemical equipment operators and tenders,51-9011,128.9,133.1,4.3,3.3,57090.0,High school diploma or equivalent,14.4
"        Separating, filtering, clarifying, precipitating, and still machine setters, operators, and tenders",51-9012,54.4,52.0,-2.3,-4.3,49500.0,High school diploma or equivalent,5.4
"        Crushing, grinding, and polishing machine setters, operators, and tenders",51-9021,28.7,27.9,-0.7,-2.5,46890.0,High school diploma or equivalent,2.7
"        Grinding and polishing workers, hand",51-9022,11.8,9.3,-2.5,-21.2,41690.0,No formal educational credential,0.8
"        Mixing and blending machine setters, operators, and tenders",51-9023,101.1,94.3,-6.8,-6.8,47680.0,High school diploma or equivalent,8.8
"        Cutters and trimmers, hand",51-9031,7.0,5.7,-1.3,-18.1,38800.0,No formal educational credential,0.6
"        Cutting and slicing machine setters, operators, and tenders",51-9032,49.0,47.9,-1.1,-2.3,45700.0,High school diploma or equivalent,5.3
"      Extruding, forming, pressing, and compacting machine setters, operators, and tenders",51-9041,57.3,58.4,1.1,2.0,45130.0,High school diploma or equivalent,5.2
"      Furnace, kiln, oven, drier, and kettle operators and tenders",51-9051,16.5,17.0,0.5,3.0,47010.0,High school diploma or equivalent,1.9
"      Inspectors, testers, sorters, samplers, and weighers",51-9061,598.0,598.1,0.1,0.0,47460.0,High school diploma or equivalent,69.9
      Jewelers and precious stone and metal workers,51-9071,35.1,33.2,-1.9,-5.5,49140.0,High school diploma or equivalent,4.0
        Dental laboratory technicians,51-9081,35.2,33.6,-1.6,-4.7,48310.0,High school diploma or equivalent,3.9
        Medical appliance technicians,51-9082,12.0,12.4,0.4,3.7,47060.0,High school diploma or equivalent,1.5
        Ophthalmic laboratory technicians,51-9083,19.6,20.0,0.5,2.3,38420.0,High school diploma or equivalent,2.4
      Packaging and filling machine operators and tenders,51-9111,381.2,398.2,17.0,4.5,40900.0,High school diploma or equivalent,45.3
"        Painting, coating, and decorating workers",51-9123,8.8,8.9,0.1,1.4,40860.0,No formal educational credential,0.8
"        Coating, painting, and spraying machine setters, operators, and tenders",51-9124,165.5,166.7,1.2,0.7,47590.0,High school diploma or equivalent,15.8
      Semiconductor processing technicians,51-9141,31.9,35.4,3.5,10.9,51180.0,High school diploma or equivalent,3.9
      Photographic process workers and processing machine operators,51-9151,11.2,10.9,-0.3,-2.6,40100.0,High school diploma or equivalent,1.5
        Computer numerically controlled tool operators,51-9161,177.1,158.1,-19.0,-10.7,49970.0,High school diploma or equivalent,13.5
        Computer numerically controlled tool programmers,51-9162,28.3,31.9,3.6,12.8,65670.0,Postsecondary nondegree award,3.1
        Adhesive bonding machine operators and tenders,51-9191,12.2,12.3,0.1,1.0,45210.0,High school diploma or equivalent,1.3
"        Cleaning, washing, and metal pickling equipment operators and tenders",51-9192,14.6,15.2,0.5,3.6,41460.0,High school diploma or equivalent,1.6
        Cooling and freezing equipment operators and tenders,51-9193,7.1,7.6,0.5,7.2,40160.0,High school diploma or equivalent,0.8
        Etchers and engravers,51-9194,8.6,8.6,-0.1,-0.7,40450.0,High school diploma or equivalent,0.9
"        Molders, shapers, and casters, except metal and plastic",51-9195,41.7,44.3,2.6,6.2,45690.0,High school diploma or equivalent,5.5
"        Paper goods machine setters, operators, and tenders",51-9196,97.5,91.4,-6.1,-6.3,49390.0,High school diploma or equivalent,8.1
        Tire builders,51-9197,20.9,21.4,0.5,2.3,55580.0,High school diploma or equivalent,2.5
        Helpers--production workers,51-9198,168.5,153.5,-15.0,-8.9,38220.0,High school diploma or equivalent,23.6
"        Production workers, all other",51-9199,292.8,294.3,1.5,0.5,38820.0,High school diploma or equivalent,31.6
      Aircraft cargo handling supervisors,53-1041,10.3,10.8,0.5,5.2,63940.0,High school diploma or equivalent,1.1
"      First-line supervisors of transportation and material moving workers, except aircraft cargo handling supervisors",53-1047,609.6,632.2,22.5,3.7,61890.0,High school diploma or equivalent,61.3
"        Airline pilots, copilots, and flight engineers",53-2011,100.0,103.9,3.9,3.9,226600.0,Bachelor's degree,11.7
        Commercial pilots,53-2012,55.4,58.3,2.8,5.1,122670.0,Postsecondary nondegree award,6.6
        Air traffic controllers,53-2021,24.1,24.4,0.3,1.2,144580.0,Associate's degree,2.2
        Airfield operations specialists,53-2022,16.9,17.6,0.7,4.2,56750.0,High school diploma or equivalent,1.6
      Flight attendants,53-2031,130.8,142.9,12.1,9.2,67130.0,High school diploma or equivalent,19.8
"      Ambulance drivers and attendants, except emergency medical technicians",53-3011,12.3,12.1,-0.2,-1.3,34330.0,High school diploma or equivalent,1.4
        Driver/sales workers,53-3031,451.5,491.3,39.8,8.8,37130.0,High school diploma or equivalent,51.3
        Heavy and tractor-trailer truck drivers,53-3032,2235.1,2324.4,89.3,4.0,57440.0,Postsecondary nondegree award,237.6
        Light truck drivers,53-3033,1079.8,1158.6,78.9,7.3,44140.0,High school diploma or equivalent,120.2
"        Bus drivers, school",53-3051,387.3,388.2,0.9,0.2,47040.0,High school diploma or equivalent,61.0
"        Bus drivers, transit and intercity",53-3052,158.8,165.6,6.8,4.3,57440.0,High school diploma or equivalent,20.9
        Shuttle drivers and chauffeurs,53-3053,243.9,260.3,16.4,6.7,36670.0,No formal educational credential,36.3
        Taxi drivers,53-3054,204.0,226.6,22.6,11.1,36220.0,No formal educational credential,22.6
"      Motor vehicle operators, all other",53-3099,79.3,84.0,4.7,6.0,36260.0,No formal educational credential,11.1
        Locomotive engineers,53-4011,27.0,27.2,0.2,0.7,77400.0,High school diploma or equivalent,2.2
"        Rail yard engineers, dinkey operators, and hostlers",53-4013,3.1,3.1,0.0,0.3,58030.0,High school diploma or equivalent,0.2
"      Railroad brake, signal, and switch operators and locomotive firers",53-4022,11.0,11.1,0.1,1.0,65480.0,High school diploma or equivalent,1.0
      Railroad conductors and yardmasters,53-4031,36.8,37.2,0.4,1.1,74080.0,High school diploma or equivalent,3.1
      Subway and streetcar operators,53-4041,9.6,9.9,0.3,3.4,84830.0,High school diploma or equivalent,0.9
"      Rail transportation workers, all other",53-4099,1.6,1.6,0.1,3.9,49330.0,High school diploma or equivalent,0.2
      Sailors and marine oilers,53-5011,32.1,32.8,0.7,2.3,49610.0,No formal educational credential,3.9
"        Captains, mates, and pilots of water vessels",53-5021,40.7,40.9,0.2,0.5,85540.0,Postsecondary nondegree award,4.3
        Motorboat operators,53-5022,2.7,2.8,0.0,1.4,51880.0,Postsecondary nondegree award,0.3
      Ship engineers,53-5031,8.8,9.0,0.1,1.6,101320.0,Postsecondary nondegree award,1.1
      Bridge and lock tenders,53-6011,2.9,2.8,-0.1,-3.3,58490.0,High school diploma or equivalent,0.3
      Parking attendants,53-6021,135.7,139.8,4.0,3.0,34600.0,No formal educational credential,18.5
        Automotive and watercraft service attendants,53-6031,100.0,99.0,-1.0,-1.0,34850.0,No formal educational credential,14.4
        Aircraft service attendants,53-6032,28.0,29.5,1.4,5.1,41540.0,High school diploma or equivalent,4.3
      Traffic technicians,53-6041,7.9,8.2,0.3,3.7,58480.0,High school diploma or equivalent,0.8
      Transportation inspectors,53-6051,25.7,26.1,0.4,1.7,85750.0,High school diploma or equivalent,2.5
      Passenger attendants,53-6061,25.6,26.8,1.2,4.7,37560.0,High school diploma or equivalent,4.1
"      Transportation workers, all other",53-6099,11.5,11.9,0.4,3.8,39630.0,High school diploma or equivalent,1.2
      Conveyor operators and tenders,53-7011,29.1,28.1,-1.0,-3.4,41230.0,No formal educational credential,2.6
      Crane and tower operators,53-7021,42.3,43.5,1.3,3.0,66370.0,High school diploma or equivalent,3.8
      Dredge operators,53-7031,1.1,1.2,0.0,1.2,48430.0,High school diploma or equivalent,0.1
      Hoist and winch operators,53-7041,2.7,2.7,0.0,-1.1,52310.0,No formal educational credential,0.3
      Industrial truck and tractor operators,53-7051,792.5,801.6,9.1,1.1,46390.0,No formal educational credential,76.4
        Cleaners of vehicles and equipment,53-7061,410.1,426.2,16.0,3.9,35270.0,No formal educational credential,56.2
"        Laborers and freight, stock, and material movers, hand",53-7062,2988.9,3033.1,44.3,1.5,38940.0,No formal educational credential,384.3
        Machine feeders and offbearers,53-7063,46.5,40.4,-6.0,-13.0,39700.0,No formal educational credential,4.7
"        Packers and packagers, hand",53-7064,591.8,559.7,-32.2,-5.4,35580.0,No formal educational credential,74.0
        Stockers and order fillers,53-7065,2764.8,2999.8,235.0,8.5,37090.0,No formal educational credential,472.3
        Gas compressor and gas pumping station operators,53-7071,5.4,5.3,-0.1,-1.3,71510.0,High school diploma or equivalent,0.6
"        Pump operators, except wellhead pumpers",53-7072,13.1,13.5,0.3,2.6,60020.0,High school diploma or equivalent,1.5
        Wellhead pumpers,53-7073,18.8,17.9,-0.9,-4.7,70010.0,High school diploma or equivalent,2.0
      Refuse and recyclable material collectors,53-7081,147.9,149.2,1.3,0.9,48350.0,No formal educational credential,16.9
"      Tank car, truck, and ship loaders",53-7121,12.0,12.5,0.5,4.3,58070.0,No formal educational credential,1.3
"      Material moving workers, all other",53-7199,27.7,28.9,1.2,4.3,41690.0,No formal educational credential,3.1
