automation_prob,soc_code,occupation_fo
0.0028,29-1125,Recreational therapists
0.003,49-1011,"First-line supervisors of mechanics, installers, and repairers"
0.003,11-9161,Emergency management directors
0.0031,21-1023,Mental health and substance abuse social workers
0.0033,29-1181,Audiologists
0.0035,29-1122,Occupational therapists
0.0035,29-2091,Orthotists and prosthetists
0.0035,21-1022,Healthcare social workers
0.0036,29-1022,Oral and maxillofacial surgeons
0.0036,33-1021,First-line supervisors of fire fighting and prevention workers
0.0039,29-1031,Dietitians and nutritionists
0.0039,11-9081,Lodging managers
0.004,27-2032,Choreographers
0.0041,41-9031,Sales engineers
0.0042,29-1060,Physicians and surgeons
0.0042,25-9031,Instructional coordinators
0.0043,19-3039,"Psychologists, all other"
0.0044,33-1012,First-line supervisors of police and detectives
0.0044,29-1021,"Dentists, general"
0.0044,25-2021,"Elementary school teachers, except special education"
0.0045,19-1042,"Medical scientists, except epidemiologists"
0.0046,11-9032,"Education administrators, elementary and secondary school"
0.0046,29-1081,Podiatrists
0.0047,19-3031,"Clinical, counseling, and school psychologists"
0.0048,21-1014,Mental health counselors
0.0049,51-6092,Fabric and apparel patternmakers
0.0055,27-1027,Set and exhibit designers
0.0055,11-3121,Human resources managers
0.0061,39-9032,Recreation workers
0.0063,11-3131,Training and development managers
0.0064,29-1127,Speech-language pathologists
0.0065,15-1121,Computer systems analysts
0.0067,11-9151,Social and community service managers
0.0068,25-4012,Curators
0.0071,29-9091,Athletic trainers
0.0073,11-9111,Medical and health services managers
0.0074,25-2011,"Preschool reachers, except special education"
0.0075,25-9021,Farm and home management advisors
0.0077,19-3091,Anthropologists and archeologists
0.0077,25-2054,"Special education teachers, secondary school"
0.0078,25-2031,"Secondary school teachers, except special and career/technical education"
0.0081,21-2011,Clergy
0.0081,19-1032,Foresters
0.0085,21-1012,"Educational, guidance, school, and vocational counselors"
0.0088,25-2032,"Career/technical education teachers, secondary school"
0.009,29-1141,Registered nurses
0.0094,21-1015,Rehabilitation counselors
0.0095,25-3999,"Teachers and Instructors, all other"
0.0095,19-4092,Forensic science technicians
0.01,39-5091,"Makeup artists, theatrical and performance"
0.01,17-2121,Marine engineers and naval architects
0.01,11-9033,"Education administrators, postsecondary"
0.011,17-2141,Mechanical engineers
0.012,29-1051,Pharmacists
0.012,13-1081,Logisticians
0.012,19-1022,Microbiologists
0.012,19-3032,Industrial-organizational psychologists
0.013,27-2022,Coaches and scouts
0.013,11-2022,Sales managers
0.014,19-2043,Hydrologists
0.014,11-2021,Marketing managers
0.014,21-1013,Marriage and family therapists
0.014,17-2199,"Engineers, all other"
0.014,13-1151,Training and development specialists
0.014,43-1011,First-line supervisors of office and administrative support workers
0.015,19-1029,"Biological scientists, all other"
0.015,11-2031,Public relations and fundraising managers
0.015,27-1014,Multimedia artists and animators
0.015,15-1111,Computer and information research scientists
0.015,11-1011,Chief executives
0.015,11-9031,"Education administrators, preschool and childcare center/program"
0.015,27-2041,Music directors and composers
0.016,51-1011,First-line supervisors of production and operating workers
0.016,41-3031,"Securities, commodities, and financial services sales agents"
0.016,19-1031,Conservation scientists
0.016,25-2053,"Special education teachers, middle school"
0.017,17-2041,Chemical engineers
0.017,11-9041,Architectural and engineering managers
0.017,17-2011,Aerospace engineers
0.018,11-9121,Natural sciences managers
0.018,17-2081,Environmental engineers
0.018,17-1011,"Architects, except landscape and naval"
0.018,31-2021,Physical therapist assistants
0.019,17-2051,Civil engineers
0.02,29-1199,"Health diagnosing and treating practitioners, all other"
0.021,19-1013,Soil and plant scientists
0.021,19-2032,Materials scientists
0.021,17-2131,Materials engineers
0.021,27-1022,Fashion designers
0.021,29-1123,Physical therapists
0.021,27-4021,Photographers
0.022,27-2012,Producers and directors
0.022,27-1025,Interior designers
0.023,29-1023,Orthodontists
0.023,27-1011,Art directors
0.025,33-1011,First-line supervisors of oorrectional officers
0.025,21-2021,"Directors, religious activities and education"
0.025,17-2072,"Electronics engineers, except computer"
0.027,19-1021,Biochemists and biophysicists
0.027,29-1011,Chiropractors
0.028,31-2011,Occupational therapy assistants
0.028,21-1021,"Child, family, and school social workers"
0.028,17-2111,"Health and safety engineers, except mining safety engineers and inspectors"
0.029,17-2112,Industrial engineers
0.029,53-1031,First-line supervisors of transportation and material-moving machine and vehicle operators
0.029,29-2056,Veterinary technologists and technicians
0.03,11-3051,Industrial production managers
0.03,17-3026,Industrial engineering technicians
0.03,15-1142,Network and computer systems administrators
0.03,15-1141,Database administrators
0.03,11-3061,Purchasing managers
0.032,25-1000,Postsecondary teachers
0.033,19-2041,"Environmental scientists and specialists, including health"
0.033,21-1011,Substance abuse and behavioural disorder counselors
0.035,23-1011,Lawyers
0.035,27-1012,Craft artists
0.035,15-2031,Operations research analysts
0.035,11-3021,Computer and information systems managers
0.037,27-1021,Commercial and industrial designers
0.037,17-2031,Biomedical engineers
0.037,13-1121,"Meeting, convention, and event planners"
0.038,29-1131,Veterinarians
0.038,27-3043,Writers and authors
0.039,11-2011,Advertising and promotions managers
0.039,19-3094,Political scientists
0.04,13-2071,Credit counselors
0.04,19-3099,"Social scientists and related workers, all other"
0.041,19-2011,Astronomers
0.041,53-5031,Ship engineers
0.042,15-1132,"Software developers, applications"
0.042,27-1013,"Fine artists, including painters, sculptors, and illustrators"
0.043,29-2053,Psychiatric technicians
0.045,17-1012,Landscape architects
0.045,21-1091,Health educators
0.047,15-2021,Mathematicians
0.047,27-1023,Floral designers
0.047,11-9013,"Farmers, ranchers, and other agricultural managers"
0.048,33-2022,Forest fire inspectors and prevention specialists
0.049,29-2041,Emergency medical technicians and paramedics
0.055,27-3041,Editors
0.055,29-1024,Prosthodontists
0.055,29-9799,"Healthcare practitioners and technical workers, all other"
0.057,39-7012,Travel guides
0.058,29-2061,Licensed practical and licensed vocational nurses
0.059,19-3041,Sociologists
0.06,23-1022,"Arbitrators, mediators, and conciliators"
0.061,19-1011,Animal scientists
0.064,39-9041,Residential advisors
0.066,53-1011,Aircraft cargo handling supervisors
0.066,29-1126,Respiratory therapists
0.067,27-3021,Broadcast news analysts
0.069,11-3031,Financial managers
0.07,17-2161,Nuclear engineers
0.071,11-9021,Construction managers
0.074,27-2042,Musicians and singers
0.075,41-1012,First-line supervisors of non-retail sales workers
0.076,39-1021,First-line supervisors of personal service workers
0.077,19-1012,Food scientists and technologists
0.08,13-1041,Compliance officers
0.08,33-3031,Fish and game wardens
0.082,27-1024,Graphic designers
0.083,11-9051,Food service managers
0.084,39-9011,Childcare workers
0.085,39-9031,Fitness trainers and aerobics instructors
0.091,11-9071,Gaming managers
0.097,49-9051,Electrical power-line installers and repairers
0.098,33-3051,Police and sheriff's patrol officers
0.099,41-3041,Travel agents
0.1,35-1011,Chefs and head cooks
0.1,39-2011,Animal trainers
0.1,27-3011,Radio and television announcers
0.1,17-2071,Electrical engineers
0.1,19-2031,Chemists
0.1,29-2054,Respiratory therapy technicians
0.1,19-2012,Physicists
0.11,39-5012,"Hairdressers, hairstylists, and cosmetologists"
0.11,27-3022,Reporters and correspondents
0.11,53-2021,Air traffic controllers
0.13,27-2031,Dancers
0.13,29-2033,Nuclear medicine technologists
0.13,15-1133,"Software developers, systems software"
0.13,13-1111,Management analysts
0.13,29-2051,Dietetic technicians
0.13,19-3051,Urban and regional planners
0.13,21-1093,Social and human service assistants
0.13,25-3021,Self-enrichment education teachers
0.13,27-4014,Sound engineering technicians
0.14,29-1041,Optometrists
0.14,17-2151,"Mining and geological engineers, including mining safety engineers"
0.14,29-1071,Physician assistants
0.15,25-2012,"Kindergarten teachers, except special education"
0.15,47-2111,Electricians
0.16,17-2171,Petroleum engineers
0.16,43-9031,Desktop publishers
0.16,11-1021,General and operations managers
0.17,29-9011,Occupational health and safety specialists
0.17,33-2011,Firefighters
0.17,13-2061,Financial examiners
0.17,47-1011,First-line supervisors of construction trades and extraction workers
0.17,25-2022,"Middle school teachers, except special and career/technical education"
0.18,27-3031,Public relations specialists
0.18,49-9092,Commercial divers
0.18,49-9095,Manufactured building and mobile home installers
0.18,53-2011,"Airline pilots, copilots, and flight engineers"
0.19,25-3011,Adult basic and secondary education and literacy teachers and instructors
0.2,19-1041,Epidemiologists
0.2,39-4831,"Funeral service managers, directors, morticians, and undertakers"
0.21,15-1179,"Information security analysts, web developers, and computer network architects"
0.21,15-2011,Actuaries
0.21,33-9011,Animal control workers
0.21,39-6012,Concierges
0.22,15-1799,"Computer occupations, all other"
0.22,15-2041,Statisticians
0.22,17-2061,Computer hardware engineers
0.23,19-3022,Survey researchers
0.23,13-1199,"Business operations specialists, all other"
0.23,13-2051,Financial analysts
0.23,29-2037,Radiologic technologists and technicians
0.23,29-2031,Cardiovascular technologists and technicians
0.24,13-1011,"Agents and business managers of artists, performers, and athletes"
0.24,17-3029,"Engineering technicians, except drafters, all other"
0.25,19-3092,Geographers
0.25,29-9012,Occupational health and safety technicians
0.25,21-1092,Probation officers and correctional treatment specialists
0.25,17-3025,Environmental engineering technicians
0.25,11-9199,"Managers, all other"
0.25,53-3011,"Ambulance drivers and attendants, except emergency medical technicians"
0.25,41-4011,"Sales representatives, wholesale and manufacturing, technical and scientific products"
0.26,25-2023,"Career/technical education teachers, middle school"
0.27,53-5021,"Captains, mates, and pilots of water vessels"
0.27,31-2012,Occupational therapy aides
0.27,49-9062,Medical equipment repairers
0.28,41-1011,First-line supervisors of retail sales workers
0.28,27-2021,Athletes and sports competitors
0.28,39-1011,Gaming supervisors
0.29,39-5094,Skincare specialists
0.29,13-1022,"Wholesale and retail buyers, except farm products"
0.3,19-4021,Biological technicians
0.3,31-9092,Medical assistants
0.3,19-1023,Zoologists and wildlife biologists
0.3,35-2013,"Cooks, private household"
0.31,13-1078,"Human resources, training, and labour relations specialists, all other"
0.31,33-9021,Private detectives and investigators
0.31,27-4032,Film and video editors
0.33,13-2099,"Financial specialists, all other"
0.34,33-3021,Detectives and criminal investigators
0.34,29-2055,Surgical technologists
0.34,29-1124,Radiation therapists
0.35,47-2152,"Plumbers, pipefitters, and steamfitters"
0.35,53-2031,Flight attendants
0.35,29-2032,Diagnostic medical sonographers
0.36,33-3011,Bailiffs
0.36,51-4012,"Computer numerically controlled machine tool programmers, metal and plastic"
0.36,49-2022,"Telecommunications equipment installers and repairers, except line installers"
0.37,51-9051,"Furnace, kiln, oven, drier, and kettle operators and tenders"
0.37,53-7061,Cleaners of vehicles and equipment
0.37,39-4021,Funeral attendants
0.37,47-5081,Helpers–extraction workers
0.37,27-2011,Actors
0.37,53-7111,Mine shuttle car operators
0.38,49-2095,"Electrical and electronics repairers, powerhouse, substation, and relay"
0.38,17-1022,Surveyors
0.38,17-3027,Mechanical engineering technicians
0.38,53-7064,"Packers and packagers, hand"
0.38,27-3091,Interpreters and translators
0.39,31-1011,Home health aides
0.39,51-6093,Upholsterers
0.39,47-4021,Elevator installers and repairers
0.39,43-3041,Gaming cage workers
0.39,25-9011,Audio-visual and multimedia collections specialists
0.4,23-1023,"Judges, magistrate judges, and magistrates"
0.4,49-3042,"Mobile heavy equipment mechanics, except engines"
0.4,29-2799,"Health technologists and technicians, all other"
0.41,45-2041,"Graders and sorters, agricultural products"
0.41,51-2041,Structural metal fabricators and fitters
0.41,23-1012,Judicial law clerks
0.41,49-2094,"Electrical and electronics repairers, commercial and industrial equipment"
0.42,19-4093,Forest and conservation technicians
0.42,53-1021,"First-line supervisors of helpers, labourers, and material movers, hand"
0.43,39-3093,"Locker room, coatroom, and dressing room attendants"
0.43,19-2099,"Physical scientists, all other"
0.43,19-3011,Economists
0.44,19-3093,Historians
0.45,51-9082,Medical appliance technicians
0.46,43-4031,"Court, municipal, and license clerks"
0.47,13-1141,"Compensation, benefits, and job analysis specialists"
0.47,31-1013,Psychiatric aides
0.47,29-2012,Medical and clinical laboratory technicians
0.48,33-2021,Fire inspectors and investigators
0.48,17-3021,Aerospace engineering and operations technicians
0.48,27-1026,Merchandise displayers and window trimmers
0.48,47-5031,"Explosives workers, ordnance handling experts, and blasters"
0.48,15-1131,Computer programmers
0.49,33-9091,Crossing guards
0.49,17-2021,Agricultural engineers
0.49,47-5061,"Roof bolters, mining"
0.49,49-9052,Telecommunications line installers and repairers
0.49,43-5031,"Police, fire, and ambulance dispatchers"
0.5,53-7033,"Loading machine operators, underground mining"
0.5,49-9799,"Installation, maintenance, and repair workers, all other"
0.5,23-2091,Court reporters
0.51,41-9011,Demonstrators and product promoters
0.51,31-9091,Dental assistants
0.52,51-6041,Shoe and leather workers and repairers
0.52,17-3011,Architectural and civil drafters
0.53,47-5012,"Rotary drill operators, oil and gas"
0.53,47-4041,Hazardous materials removal workers
0.54,39-4011,Embalmers
0.54,47-5041,Continuous mining machine operators
0.54,39-1012,Slot supervisors
0.54,31-9011,Massage therapists
0.54,41-3011,Advertising sales agents
0.55,49-3022,Automotive glass installers and repairers
0.55,53-2012,Commercial pilots
0.55,43-4051,Customer service representatives
0.55,27-4011,Audio and video equipment technicians
0.56,25-9041,Teacher assistants
0.57,45-1011,"First-line supervisors of farming, fishing, and forestry workers"
0.57,19-4031,Chemical technicians
0.57,47-3015,"Helpers–pipelayers, plumbers, pipefitters, and steamfitters"
0.57,13-1051,Cost estimators
0.57,33-3052,Transit and railroad police
0.57,37-1012,"First-line supervisors of landscaping, lawn service, and groundskeeping workers"
0.58,13-2052,Personal financial advisors
0.59,49-9044,Millwrights
0.59,25-4013,Museum technicians and conservators
0.59,47-5042,Mine cutting and channeling machine operators
0.59,11-3071,"Transportation, storage, and distribution managers"
0.59,49-3092,Recreational vehicle service technicians
0.59,49-3023,Automotive service technicians and mechanics
0.6,33-3012,Correctional officers and jailers
0.6,27-4031,"Camera operators, television, video, and motion picture"
0.6,51-3023,Slaughterers and meat packers
0.61,49-2096,"Electronic equipment installers and repairers, motor vehicles"
0.61,31-2022,Physical therapist aides
0.61,39-3092,Costume attendants
0.61,13-1161,Market research analysts and marketing specialists
0.61,43-4181,Reservation and transportation ticket agents and travel clerks
0.61,51-8031,Water and wastewater treatment plant and system operators
0.61,19-4099,"Life, physical, and social science technicians, all other"
0.61,51-3093,Food cooking machine operators and tenders
0.61,51-4122,"Welding, soldering, and brazing machine setters, operators, and tenders"
0.62,53-5022,Motorboat operators
0.62,47-2082,Tapers
0.62,47-2151,Pipelayers
0.63,19-2042,"Geoscientists, except hydrologists and geographers"
0.63,49-9012,"Control and valve installers and repairers, except mechanical door"
0.63,31-9799,"Healthcare support workers, all other"
0.63,35-1012,First-line supervisors of food preparation and serving workers
0.63,47-4011,Construction and building inspectors
0.64,51-9031,"Cutters and trimmers, hand"
0.64,49-9071,"Maintenance and repair workers, general"
0.64,23-1021,"Administrative law judges, adjudicators, and hearing officers"
0.64,43-5081,Stock clerks and order fillers
0.64,51-8012,Power distributors and dispatchers
0.64,47-2132,"Insulation workers, mechanical"
0.65,19-4061,Social science research assistants
0.65,51-4041,Machinists
0.65,15-1150,Computer support specialists
0.65,25-4021,Librarians
0.65,49-2097,Electronic home entertainment equipment installers and repairers
0.65,49-9021,"Heating, air conditioning, and refrigeration mechanics and installers"
0.65,53-7041,Hoist and winch operators
0.66,37-2021,Pest control workers
0.66,51-9198,Helpers–production workers
0.66,43-9111,Statistical assistants
0.66,37-2011,"Janitors and cleaners, except maids and housekeeping cleaners"
0.66,49-3051,Motorboat mechanics and service technicians
0.67,51-9196,"Paper goods machine setters, operators, and tenders"
0.67,51-4071,Foundry mold and coremakers
0.67,19-2021,Atmospheric and space scientists
0.67,53-3021,"Bus drivers, transit and intercity"
0.67,33-9092,"Lifeguards, ski patrol, and other recreational protective service workers"
0.67,49-9041,Industrial machinery mechanics
0.68,43-5052,Postal service mail carriers
0.68,47-5071,"Roustabouts, oil and gas"
0.68,47-2011,Boilermakers
0.68,17-3013,Mechanical drafters
0.68,29-2021,Dental hygienists
0.69,53-3033,Light truck or delivery services drivers
0.69,37-2012,Maids and housekeeping cleaners
0.69,51-9122,"Painters, transportation equipment"
0.7,43-4061,"Eligibility interviewers, government programs"
0.7,49-3093,Tire repairers and changers
0.7,51-3092,Food batchmakers
0.7,49-2091,Avionics technicians
0.71,49-3011,Aircraft mechanics and service technicians
0.71,53-2022,Airfield operations specialists
0.71,51-8093,"Petroleum pump system operators, refinery operators, and gaugers"
0.71,47-4799,"Construction and related workers, all other"
0.71,29-2081,"Opticians, dispensing"
0.71,51-6011,Laundry and dry-cleaning workers
0.72,39-3091,Amusement and recreation attendants
0.72,31-9095,Pharmacy aides
0.72,47-3016,Helpers–roofers
0.72,53-7121,"Tank car, truck, and ship loaders"
0.72,49-9031,Home appliance repairers
0.72,47-2031,Carpenters
0.72,27-3012,Public address system and other announcers
0.73,51-6063,"Textile knitting and weaving machine setters, operators, and tenders"
0.73,11-3011,Administrative services managers
0.73,47-2121,Glaziers
0.73,51-2021,"Coil winders, tapers, and finishers"
0.73,49-3031,Bus and truck mechanics and diesel engine specialists
0.74,49-2011,"Computer, automated teller, and office machine repairers"
0.74,39-9021,Personal care aides
0.74,27-4012,Broadcast technicians
0.74,47-3013,Helpers–electricians
0.75,11-9131,Postmasters and mail superintendents
0.75,47-2044,Tile and marble setters
0.75,47-2141,"Painters, construction and maintenance"
0.75,53-6061,"Transportation attendants, except flight attendants"
0.75,17-3022,Civil engineering technicians
0.75,49-3041,Farm equipment mechanics and service technicians
0.76,25-4011,Archivists
0.76,51-9011,Chemical equipment operators and tenders
0.76,49-2092,"Electric motor, power tool, and related repairers"
0.76,45-4021,Fallers
0.77,19-4091,"Environmental science and protection technicians, including health"
0.77,49-9094,Locksmiths and safe repairers
0.77,37-3013,Tree trimmers and pruners
0.77,35-3011,Bartenders
0.77,13-1023,"Purchasing agents, except wholesale, retail, and farm products"
0.77,35-9021,Dishwashers
0.77,45-3021,Hunters and trappers
0.78,31-9093,Medical equipment preparers
0.78,51-4031,"Cutting, punching, and press machine setters, operators, and tenders, metal and plastic"
0.78,43-9011,Computer operators
0.78,51-8092,Gas plant operators
0.79,43-5053,"Postal service mail sorters, processors, and processing machine operators"
0.79,53-3032,Heavy and tractor-trailer truck drivers
0.79,39-5093,Shampooers
0.79,47-2081,Drywall and ceiling tile installers
0.79,49-9098,"Helpers–installation, maintenance, and repair workers"
0.79,49-3052,Motorcycle mechanics
0.79,51-2011,"Aircraft structure, surfaces, rigging, and systems assemblers"
0.79,45-4022,Logging equipment operators
0.79,47-2042,"Floor layers, except carpet, wood, and hard tiles"
0.8,39-5011,Barbers
0.8,47-5011,"Derrick operators, oil and gas"
0.81,35-2011,"Cooks, fast food"
0.81,43-9022,Word processors and typists
0.81,17-3012,Electrical and electronics drafters
0.81,17-3024,Electro-mechanical technicians
0.81,51-9192,"Cleaning, washing, and metal pickling equipment operators and tenders"
0.81,11-9141,"Property, real estate, and community association managers"
0.81,43-6013,Medical secretaries
0.81,51-6021,"Pressers, textile, garment, and related materials"
0.82,51-2031,Engine and other machine assemblers
0.82,49-2098,Security and fire alarm systems installers
0.82,49-9045,"Refractory materials repairers, except brickmasons"
0.82,39-2021,Nonfarm animal caretakers
0.82,47-2211,Sheet metal workers
0.82,47-2072,Pile-driver operators
0.82,47-2021,Brickmasons and blockmasons
0.83,45-3011,Fishers and related fishing workers
0.83,47-2221,Structural iron and steel workers
0.83,53-4021,"Railroad brake, signal, and switch operators"
0.83,53-4031,Railroad conductors and yardmasters
0.83,35-2012,"Cooks, institution and cafeteria"
0.83,53-5011,Sailors and marine oilers
0.83,51-9023,"Mixing and blending machine setters, operators, and tenders"
0.83,47-3011,"Helpers–brickmasons, blockmasons, stonemasons, and tile and marble setters"
0.83,47-4091,Segmental pavers
0.83,47-2131,"Insulation workers, floor, ceiling, and wall"
0.83,51-5112,Printing press operators
0.83,53-6031,Automotive and watercraft service attendants
0.83,47-4071,Septic tank servicers and sewer pipe cleaners
0.83,39-6011,Baggage porters and bellhops
0.83,41-2012,Gaming change persons and booth cashiers
0.83,51-4023,"Rolling machine setters, operators, and tenders, metal and plastic"
0.83,47-2071,"Paving, surfacing, and tamping equipment operators"
0.84,51-4111,Tool and die makers
0.84,17-3023,Electrical and electronics engineering technicians
0.84,47-2161,Plasterers and stucco masons
0.84,51-4192,"Layout workers, metal and plastic"
0.84,51-4034,"Lathe and turning machine tool setters, operators, and tenders, metal and plastic"
0.84,33-9032,Security guards
0.84,51-6052,"Tailors, dressmakers, and custom sewers"
0.84,53-7073,Wellhead pumpers
0.84,43-9081,Proofreaders and copy markers
0.84,33-3041,Parking enforcement workers
0.85,53-7062,"Labourers and freight, stock, and material movers, hand"
0.85,41-4012,"Sales representatives, wholesale and manufacturing, except technical and scientific products"
0.85,43-5041,"Meter readers, utilities"
0.85,51-8013,Power plant operators
0.85,51-8091,Chemical plant and system operators
0.85,47-5021,"Earth drillers, except oil and gas"
0.85,19-4051,Nuclear technicians
0.86,43-6011,Executive secretaries and executive administrative assistants
0.86,51-8099,"Plant and system operators, all other"
0.86,35-3041,"Food servers, nonrestaurant"
0.86,51-7041,"Sawing machine setters, operators, and tenders, wood"
0.86,53-4041,Subway and streetcar operators
0.86,31-9096,Veterinary assistants and laboratory animal caretakers
0.86,51-9032,"Cutting and slicing machine setters, operators, and tenders"
0.86,41-9022,Real estate sales agents
0.86,51-4011,"Computer-controlled machine tool operators, metal and plastic"
0.86,49-9043,"Maintenance workers, machinery"
0.86,43-4021,Correspondence clerks
0.87,45-2090,Miscellaneous agricultural workers
0.87,45-4011,Forest and conservation workers
0.87,51-4052,"Pourers and casters, metal"
0.87,47-2041,Carpet Installers
0.87,47-2142,Paperhangers
0.87,13-1021,"Buyers and purchasing agents, farm products"
0.87,51-7021,Furniture Finishers
0.87,35-2021,Food preparation workers
0.87,47-2043,Floor sanders and finishers
0.87,53-6021,Parking lot attendants
0.87,47-4051,Highway maintenance workers
0.88,47-2061,Construction labourers
0.88,43-5061,"Production, planning, and expediting clerks"
0.88,51-9141,Semiconductor Processors
0.88,17-1021,Cartographers and photogrammetrists
0.88,51-4051,Metal-refining furnace operators and tenders
0.88,51-9012,"Separating, filtering, clarifying, precipitating, and still machine setters, operators, and tenders"
0.88,51-6091,"Extruding and forming machine setters, operators, and tenders, synthetic and glass fibers"
0.88,47-2053,Terrazzo workers and finishers
0.88,51-4194,"Tool grinders, filers, and sharpeners"
0.88,49-3043,Rail car repairers
0.89,51-3011,Bakers
0.89,31-9094,Medical transcriptionists
0.89,47-2022,Stonemasons
0.89,53-3022,"Bus drivers, school or special client"
0.89,27-3042,Technical writers
0.89,49-9096,Riggers
0.89,47-4061,Rail-track laying and maintenance equipment operators
0.89,51-8021,Stationary engineers and boiler operators
0.89,51-6031,Sewing machine operators
0.89,53-3041,Taxi drivers and chauffeurs
0.9,43-4161,"Human resources assistants, except payroll and timekeeping"
0.9,29-2011,Medical and clinical laboratory technologists
0.9,47-2171,Reinforcing iron and rebar workers
0.9,47-2181,Roofers
0.9,53-7021,Crane and tower operators
0.9,53-6041,Traffic technicians
0.9,53-6051,Transportation inspectors
0.9,51-4062,"Patternmakers, metal and plastic"
0.9,51-9195,"Molders, shapers, and casters, except metal and plastic"
0.9,13-2021,Appraisers and assessors of real estate
0.9,53-7072,"Pump operators, except wellhead pumpers"
0.9,49-9097,Signal and track switch repairers
0.91,39-3012,Gaming and sports book writers and runners
0.91,49-9063,Musical instrument repairers and tuners
0.91,39-7011,Tour guides and escorts
0.91,49-9011,Mechanical door repairers
0.91,51-3091,"Food and tobacco roasting, baking, and drying machine operators and tenders"
0.91,53-7071,Gas compressor and gas pumping station operators
0.91,29-2071,Medical records and health information technicians
0.91,51-9121,"Coating, painting, and spraying machine setters, operators, and tenders"
0.91,51-4081,"Multiple machine tool setters, operators, and tenders, metal and plastic"
0.91,53-4013,"Rail yard engineers, dinkey operators, and hostlers"
0.91,49-2093,"Electrical and electronics installers and repairers, transportation equipment"
0.91,35-9011,Dining room and cafeteria attendants and bartender helpers
0.91,51-4191,"Heat treating equipment setters, operators, and tenders, metal and plastic"
0.91,19-4041,Geological and petroleum technicians
0.91,49-3021,Automotive body and related repairers
0.91,51-7032,"Patternmakers, wood"
0.91,51-4021,"Extruding and drawing machine setters, operators, and tenders, metal and plastic"
0.92,43-9071,"Office machine operators, except computer"
0.92,29-2052,Pharmacy technicians
0.92,43-4131,Loan interviewers and clerks
0.92,53-7031,Dredge operators
0.92,41-3021,Insurance sales agents
0.92,51-7011,Cabinetmakers and bench carpenters
0.92,51-9123,"Painting, coating, and decorating workers"
0.92,47-4031,Fence erectors
0.92,51-4193,"Plating and coating machine setters, operators, and tenders, metal and plastic"
0.92,41-2031,Retail salespersons
0.92,35-3021,"Combined food preparation and serving workers, including fast food"
0.92,51-9399,"Production workers, all other"
0.92,47-3012,Helpers–carpenters
0.93,51-9193,Cooling and freezing equipment operators and tenders
0.93,51-2091,Fiberglass laminators and fabricators
0.93,47-5013,"Service unit operators, oil, gas, and mining"
0.93,53-7011,Conveyor operators and tenders
0.93,49-3053,Outdoor power equipment and other small engine mechanics
0.93,53-4012,Locomotive firers
0.93,53-7063,Machine feeders and offbearers
0.93,51-4061,"Model makers, metal and plastic"
0.93,49-2021,"Radio, cellular, and tower equipment installers and repairs"
0.93,51-3021,Butchers and meat cutters
0.93,51-9041,"Extruding, forming, pressing, and compacting machine setters, operators, and tenders"
0.93,53-7081,Refuse and recyclable material collectors
0.93,13-2081,"Tax examiners and collectors, and revenue agents"
0.93,51-4022,"Forging machine setters, operators, and tenders, Metal and Plastic"
0.93,53-7051,Industrial truck and tractor operators
0.94,13-2011,Accountants and auditors
0.94,51-4032,"Drilling and boring machine tool setters, operators, and tenders, metal and plastic"
0.94,43-9051,"Mail clerks and mail machine operators, except postal service"
0.94,35-3031,Waiters and waitresses
0.94,51-3022,"Meat, poultry, and fish cutters and trimmers"
0.94,13-2031,Budget analysts
0.94,47-2051,Cement masons and concrete finishers
0.94,49-3091,Bicycle repairers
0.94,49-9091,"Coin, vending, and amusement machine servicers and repairers"
0.94,51-4121,"Welders, cutters, solderers, and brazers"
0.94,43-5021,Couriers and messengers
0.94,43-4111,"Interviewers, except eligibility and loan"
0.94,35-2015,"Cooks, short order"
0.94,53-7032,Excavating and loading machine and dragline operators
0.94,47-3014,"Helpers–painters, paperhangers, plasterers, and stucco masons"
0.94,43-4081,"Hotel, motel, and resort desk clerks"
0.94,51-9197,Tire builders
0.94,41-9091,"Door-to-door sales workers, news and street vendors, and related workers"
0.94,37-1011,First-line Supervisors of housekeeping and janitorial workers
0.94,45-2011,Agricultural inspectors
0.94,23-2011,Paralegals and legal assistants
0.95,39-5092,Manicurists and pedicurists
0.95,43-5111,"Weighers, measurers, checkers, and samplers, recordkeeping"
0.95,51-6062,"Textile cutting machine setters, operators, and tenders"
0.95,43-3011,Bill and account collectors
0.95,51-8011,Nuclear power reactor operators
0.95,33-9031,Gaming surveillance officers and gaming investigators
0.95,43-4121,"Library assistants, clerical"
0.95,47-2073,Operating engineers and other construction equipment operators
0.95,51-5113,Print binding and finishing workers
0.95,45-2021,Animal breeders
0.95,51-4072,"Molding, coremaking, and casting machine setters, operators, and tenders, metal and plastic"
0.95,51-2022,Electrical and electronic equipment assemblers
0.95,51-9191,Adhesive bonding machine operators and tenders
0.95,37-3011,Landscaping and groundskeeping workers
0.95,51-4033,"Grinding, lapping, polishing, and buffing machine tool setters, operators, and tenders, metal and plastic"
0.95,43-5051,Postal service clerks
0.95,51-9071,Jewelers and precious stone and metal workers
0.96,43-5032,"Dispatchers, except police, fire, and ambulance"
0.96,43-4171,Receptionists and information clerks
0.96,43-9061,"Office clerks, general"
0.96,11-3111,Compensation and benefits managers
0.96,43-2011,"Switchboard operators, including answering service"
0.96,35-3022,"Counter attendants, cafeteria, food concession, and Coffee Shop"
0.96,47-5051,"Rock splitters, quarry"
0.96,43-6014,"Secretaries and administrative assistants, except legal, medical, and executive"
0.96,17-3031,Surveying and mapping technicians
0.96,51-7031,"Model makers, wood"
0.96,51-6064,"Textile winding, twisting, and drawing out machine setters, operators, and tenders"
0.96,53-4011,Locomotive engineers
0.96,39-3011,Gaming dealers
0.96,49-9093,"Fabric menders, except garment"
0.96,35-2014,"Cooks, restaurant"
0.96,39-3031,"Ushers, lobby attendants, and ticket takers"
0.96,43-3021,Billing and posting clerks
0.97,53-6011,Bridge and lock tenders
0.97,51-7042,"Woodworking machine setters, operators, and tenders, except sawing"
0.97,51-2092,Team assemblers
0.97,51-6042,Shoe machine operators and tenders
0.97,51-2023,Electromechanical equipment assemblers
0.97,13-1074,Farm labour contractors
0.97,51-6061,Textile bleaching and dyeing machine operators and tenders
0.97,51-9081,Dental laboratory technicians
0.97,51-9021,"Crushing, grinding, and polishing machine setters, operators, and tenders"
0.97,51-9022,"Grinding and polishing workers, hand"
0.97,37-3012,"Pesticide handlers, sprayers, and applicators, vegetation"
0.97,45-4023,Log graders and scalers
0.97,51-9083,Ophthalmic laboratory technicians
0.97,41-2011,Cashiers
0.97,49-9061,Camera and photographic equipment repairers
0.97,39-3021,Motion picture projectionists
0.97,51-5111,Prepress technicians and workers
0.97,41-2021,Counter and rental clerks
0.97,43-4071,File clerks
0.97,41-9021,Real estate brokers
0.97,43-2021,Telephone operators
0.97,19-4011,Agricultural and food science technicians
0.97,43-3051,Payroll and timekeeping clerks
0.97,43-4041,"Credit authorizers, checkers, and clerks"
0.97,35-9031,"Hosts and hostesses, restaurant, lounge, and coffee shop"
0.98,41-9012,Models
0.98,51-9061,"Inspectors, testers, sorters, samplers, and weighers"
0.98,43-3031,"Bookkeeping, accounting, and auditing clerks"
0.98,43-6012,Legal secretaries
0.98,27-4013,Radio operators
0.98,53-3031,Driver/sales workers
0.98,13-1031,"Claims adjusters, examiners, and investigators"
0.98,41-2022,Parts salespersons
0.98,13-2041,Credit analysts
0.98,51-4035,"Milling and planing machine setters, operators, and tenders, metal and plastic"
0.98,43-5071,"Shipping, receiving, and traffic clerks"
0.98,43-3061,Procurement clerks
0.98,51-9111,Packaging and filling machine operators and tenders
0.98,51-9194,Etchers and engravers
0.98,43-3071,Tellers
0.98,27-2023,"Umpires, referees, and other sports officials"
0.98,13-1032,"Insurance appraisers, auto damage"
0.98,13-2072,Loan officers
0.98,43-4151,Order clerks
0.98,43-4011,Brokerage clerks
0.98,43-9041,Insurance claims and policy processing clerks
0.98,51-2093,Timing device assemblers and adjusters
0.99,43-9021,Data entry keyers
0.99,25-4031,Library technicians
0.99,43-4141,New accounts clerks
0.99,51-9151,Photographic process workers and processing machine operators
0.99,13-2082,Tax preparers
0.99,43-5011,Cargo and freight agents
0.99,49-9064,Watch repairers
0.99,13-2053,Insurance underwriters
0.99,15-2091,Mathematical technicians
0.99,51-6051,"Sewers, hand"
0.99,23-2093,"Title examiners, abstractors, and searchers"
0.99,41-9041,Telemarketers
